time,X_value,Y_value,Z_value
Started:,Oct 14 2017,16:09:29:362, 
0.0120,-0.09404,0.11633,0.01044
0.0278,-0.06238,0.08099,0.02597
0.0280,-0.02074,0.00661,0.01364
0.0445,0.01445,-0.05635,-0.00296
0.0471,0.02374,-0.05873,-0.00871
0.0571,0.00256,-0.01840,0.00168
0.0668,-0.03703,0.02399,0.00671
0.0766,-0.06612,0.04530,0.00871
0.0875,-0.06821,0.04652,0.00821
0.0982,-0.04106,0.04333,0.00443
0.1076,0.00407,0.01944,0.00546
0.1175,0.03018,-0.01688,0.01167
0.1272,0.03484,-0.04007,0.01523
0.1373,0.02132,-0.03783,0.01485
0.1471,-0.00786,-0.02452,0.01103
0.1574,-0.03514,-0.00110,0.00644
0.1672,-0.04590,0.02426,0.00107
0.1804,-0.03387,0.02892,-0.00337
0.1853,-0.01366,0.01173,-0.00365
0.1956,-0.00140,-0.00110,0.00002
0.2051,0.00034,-0.01538,0.01077
0.2149,0.00169,-0.02586,0.01492
0.2258,0.00618,-0.02919,0.01712
0.2354,0.01172,-0.03143,0.01755
0.2458,0.01170,-0.03157,0.01099
0.2554,0.00920,-0.01384,0.00504
0.2654,-0.00003,0.00662,0.00298
0.2756,-0.00838,0.01176,-0.00449
0.2971,-0.00595,0.00035,-0.01237
0.2972,-0.00006,-0.00685,-0.01151
0.3042,0.00784,-0.00720,-0.00722
0.3134,0.01854,-0.01390,-0.00240
0.3234,0.02516,-0.02274,-0.00104
0.3330,0.01982,-0.02661,-0.00435
0.3435,0.01134,-0.01103,-0.00835
0.3530,-0.00247,-0.00145,-0.00755
0.3633,-0.01079,0.00256,-0.00076
0.3730,-0.00644,-0.00514,0.00198
0.3828,0.00589,-0.01337,0.00020
0.3929,0.02121,-0.01604,0.00301
0.4046,0.02766,-0.01596,0.00385
0.4132,0.02452,-0.01202,0.00542
0.4235,0.01828,0.00244,0.00594
0.4331,0.00786,0.00417,0.00693
0.4425,0.00565,-0.00162,0.00778
0.4526,0.00999,-0.01353,0.00511
0.4629,0.02295,-0.02322,0.00282
0.4731,0.03006,-0.02193,0.00290
0.4830,0.02458,-0.00781,0.00208
0.4929,0.00893,0.01350,0.00026
0.5033,-0.00523,0.01620,0.00146
0.5122,-0.01125,0.00670,-0.00262
0.5227,-0.00624,0.00090,-0.00150
0.5328,-0.00507,0.00694,-0.00024
0.5456,0.00096,0.01173,0.00063
0.5508,0.00264,0.00916,-0.00124
0.5608,0.00235,0.00072,0.00215
0.5706,0.00896,-0.00928,0.00580
0.5808,0.01538,-0.02296,0.00128
0.5905,0.01823,-0.01840,-0.00160
0.6013,0.01810,-0.00157,-0.00383
0.6112,0.00925,0.00677,-0.00468
0.6215,0.00218,0.01788,-0.00645
0.6311,0.00122,0.02499,-0.00410
0.6419,-0.00124,0.02115,0.00185
0.6514,0.00409,0.00871,0.00389
0.6619,0.01331,-0.00319,0.00716
0.6840,0.01620,-0.00415,0.00247
0.6841,0.01135,-0.00072,-0.00131
0.6904,-0.00073,0.00653,-0.00340
0.6992,-0.00497,0.00691,-0.00267
0.7090,-0.00627,0.00449,-0.00186
0.7204,-0.00264,0.00078,-0.00615
0.7300,0.00107,-0.00288,-0.00626
0.7397,-0.00374,-0.00049,-0.00204
0.7501,-0.00499,0.00192,-0.00137
0.7598,0.00174,-0.00171,-0.00137
0.7746,0.01218,-0.00476,0.00108
0.7878,0.01701,-0.00168,0.00478
0.7952,0.01498,-0.00044,0.00568
0.8140,0.00706,0.00266,-0.00272
0.8142,0.00096,0.01051,-0.00993
0.8260,-0.00212,0.01268,-0.01115
0.8328,-0.00249,0.01778,-0.00981
0.8423,0.00131,0.00945,-0.00734
0.8522,0.00331,-0.00150,-0.00421
0.8633,0.00725,-0.01387,0.00009
0.8729,0.00801,-0.01820,0.00647
0.8826,0.00558,-0.01244,0.01083
0.8925,-0.00499,0.00418,0.00533
0.9024,-0.01141,0.01744,0.00206
0.9144,-0.00987,0.01515,0.00130
0.9309,0.00060,0.00529,0.00252
0.9311,0.01668,-0.00809,0.00499
0.9415,0.02344,-0.01488,0.00349
0.9520,0.01520,-0.01196,0.00395
0.9612,0.00002,-0.00438,0.00212
0.9713,-0.00314,0.01155,0.00439
0.9871,0.00874,0.00763,0.01225
0.9971,0.02234,0.00568,0.01897
1.0070,0.02986,0.00497,0.01653
1.0172,0.02110,0.00807,0.01714
1.0271,0.00595,-0.00032,0.01755
1.0370,-0.00569,-0.01013,0.01404
1.0470,-0.00941,-0.01843,0.00749
1.0744,-0.00665,-0.01712,0.00061
1.0748,-0.00230,-0.01241,-0.00063
1.0772,0.00418,-0.00647,0.00218
1.0853,0.00922,0.00381,0.00905
1.0947,0.00645,0.00902,0.01755
1.1048,0.00331,0.00267,0.02313
1.1145,-0.00015,-0.00249,0.01868
1.1252,-0.00235,-0.00636,0.01266
1.1352,0.00046,0.00607,0.01082
1.1453,0.00052,0.01567,0.00568
1.1552,0.00572,0.01077,0.00475
1.1680,0.01468,0.00716,0.00531
1.1753,0.02356,0.00618,0.00406
1.2024,0.02623,-0.00337,0.00313
1.2027,0.02650,-0.00558,-0.00714
1.2053,0.03218,0.00227,-0.01227
1.2156,0.02666,0.00237,-0.00754
1.2244,0.01486,-0.00171,-0.00043
1.2335,-0.00281,0.00845,0.00391
1.2434,-0.01472,0.01901,0.00845
1.2530,-0.01981,0.02371,0.01373
1.2640,-0.01646,0.02441,0.01433
1.2737,-0.00868,0.01242,0.01047
1.2839,0.00340,0.00418,0.00674
1.2971,0.00850,0.00420,0.00150
1.3160,0.01042,0.00671,0.00227
1.3166,0.00368,0.01222,-0.00812
1.3238,-0.00534,0.02159,-0.01611
1.3344,-0.01682,0.02733,-0.01286
1.3419,-0.02449,0.03627,-0.00554
1.3519,-0.02299,0.03171,-0.00060
1.3619,-0.00526,0.02113,-0.00108
1.3718,0.01686,0.01688,-0.00259
1.3822,0.02809,0.02513,0.00113
1.3928,0.02385,0.01109,0.00449
1.4024,0.01031,-0.01973,0.00043
1.4123,-0.00162,-0.02646,-0.00647
1.4258,-0.01433,0.00522,-0.00418
1.4317,-0.02802,0.02272,-0.00111
1.4505,-0.02875,0.03558,0.00145
1.4526,-0.01401,0.03856,0.00436
1.4607,-0.00032,0.01613,-0.00105
1.4711,0.01045,-0.00447,-0.01019
1.4801,0.00749,-0.00848,-0.01054
1.4905,-0.00082,0.00047,-0.00854
1.5008,-0.00912,0.00320,-0.00983
1.5105,-0.00938,-0.00519,-0.01532
1.5217,0.00275,-0.00781,-0.01241
1.5306,0.01871,-0.00906,-0.01059
1.5413,0.01825,-0.00537,-0.00566
1.5556,0.00281,-0.00598,-0.00014
1.5655,-0.02469,-0.00034,-0.00261
1.5860,-0.03284,0.01921,-0.00504
1.5865,-0.01993,0.02504,-0.00755
1.5959,-0.00632,0.01540,-0.00867
1.6048,0.00920,0.00562,-0.01067
1.6138,0.02890,0.00189,-0.01279
1.6250,0.02882,-0.00023,-0.01025
1.6350,0.01643,-0.00114,-0.00458
1.6447,0.00191,0.01360,0.00032
1.6550,-0.00665,0.02058,0.00168
1.6646,-0.00786,0.02324,-0.00267
1.6743,-0.00732,0.01765,-0.00577
1.6842,-0.00314,0.01202,-0.00429
1.7070,-0.00650,0.01176,0.00191
1.7073,-0.01047,0.00171,0.00644
1.7150,-0.01340,-0.00766,0.00345
1.7234,-0.01035,-0.02017,-0.00720
1.7329,-0.00778,-0.01297,-0.01360
1.7428,-0.00270,0.00453,-0.01146
1.7530,-0.00026,0.01221,-0.00395
1.7629,-0.00137,0.01096,0.00340
1.7731,-0.00420,0.00456,0.00534
1.7830,-0.00346,-0.00354,0.00247
1.7929,-0.00201,-0.00214,0.00623
1.8029,0.00233,0.00235,0.00188
1.8124,0.00215,-0.00375,-0.00015
1.8383,0.00203,-0.00537,-0.00235
1.8385,-0.00804,-0.00177,0.00102
1.8419,-0.01270,0.00960,-0.00114
1.8509,-0.00830,0.01271,0.00032
1.8608,0.00247,0.00633,0.00058
1.8708,0.01080,0.00098,0.00330
1.8821,0.01274,-0.00058,0.00604
1.8920,0.01038,-0.00433,0.00700
1.9018,0.00847,-0.01041,0.00662
1.9120,0.00517,-0.01526,0.00412
1.9216,0.00394,-0.00536,0.00592
1.9315,-0.00250,0.00922,0.00446
1.9417,-0.00650,0.01570,0.00076
1.9627,-0.00833,0.00674,0.00258
1.9658,-0.00279,-0.00398,-0.00020
1.9754,0.00372,-0.00476,-0.00171
1.9853,0.00662,0.00113,0.00052
1.9952,0.01227,0.00604,-0.00163
2.0052,0.01595,0.00638,-0.00346
2.0152,0.02031,0.00075,-0.00090
2.0260,0.01823,0.00185,-0.00200
2.0359,0.01343,0.00674,-0.00189
2.0449,0.00943,0.00192,0.00114
2.0548,0.00160,-0.00896,0.00426
2.0652,-0.00291,-0.01314,0.00516
2.0920,-0.00417,-0.00598,0.00331
2.0923,-0.00929,-0.00725,0.00453
2.0951,-0.01384,-0.00821,0.00510
2.1037,-0.01198,-0.00322,0.00412
2.1128,-0.00533,0.00276,0.00241
2.1238,0.00153,0.00879,0.00139
2.1338,0.00327,0.00502,0.00092
2.1442,0.00082,0.00887,0.00217
2.1538,0.00443,0.01187,0.00121
2.1671,0.00928,0.00313,0.00407
2.1740,0.01756,-0.00533,0.00972
2.1829,0.02277,-0.01653,0.00890
2.1930,0.02435,-0.01552,0.00829
2.2156,0.01772,-0.00142,0.00891
2.2159,0.00624,0.00616,0.00572
2.2232,-0.00359,0.01697,0.00386
2.2329,-0.01253,0.02255,0.00381
2.2429,-0.01437,0.01366,0.00500
2.2526,-0.00787,0.00143,0.00471
2.2624,0.00366,-0.01343,0.00540
2.2730,0.01474,-0.00999,0.01004
2.2822,0.01408,-0.00192,0.00421
2.2924,0.01047,0.00711,-0.00175
2.3019,0.00244,0.01762,-0.00031
2.3191,-0.00551,0.02081,0.00105
2.3374,-0.00563,0.01846,0.00229
2.3376,0.00235,0.01051,0.00105
2.3454,0.00662,0.00125,0.00661
2.3553,0.01225,-0.01216,0.00650
2.3652,0.02061,-0.01201,-0.00018
2.3751,0.01054,-0.00517,0.00058
2.3859,-0.00261,0.00328,0.00679
2.3957,-0.00307,0.00285,0.01019
2.4066,0.00110,-0.00142,0.00656
2.4157,0.00951,-0.00166,0.00424
2.4258,0.00317,0.00282,0.00766
2.4351,-0.00117,0.00874,0.00710
2.4466,-0.00027,0.00563,0.00612
2.4757,0.00624,0.00270,0.00789
2.4760,0.01759,0.00664,0.00829
2.4765,0.02229,-0.00110,0.00961
2.4839,0.01595,0.00156,0.00662
2.4943,0.00761,0.00952,0.00827
2.5041,0.00232,0.01122,0.00754
2.5133,-0.00471,0.00548,0.00418
2.5241,0.00169,-0.00415,0.00398
2.5339,0.00555,-0.00232,0.00015
2.5439,0.00386,0.00085,0.00079
2.5538,0.00034,-0.00060,0.00206
2.5641,0.00165,-0.00041,0.00194
2.5742,0.00735,-0.00262,0.00247
2.5841,0.01033,0.00439,0.00476
2.6088,0.00764,0.00398,0.00388
2.6089,0.00456,0.00317,0.00797
2.6138,-0.00319,0.00587,0.00795
2.6226,-0.00055,0.00772,0.00784
2.6322,0.00479,0.00867,0.00885
2.6429,0.01283,0.00110,0.00844
2.6529,0.01346,-0.00037,0.00620
2.6636,0.00928,-0.00101,0.00458
2.6730,0.00279,0.00290,0.00194
2.6827,0.00139,0.00642,0.00371
2.6930,0.00662,0.00580,0.00739
2.7178,0.00475,-0.00543,0.00961
2.7179,0.00476,-0.02141,0.01019
2.7226,0.00328,-0.02310,0.00752
2.7315,0.00204,-0.01512,0.00322
2.7411,0.00139,-0.00653,0.00444
2.7505,-0.00037,-0.00476,0.00529
2.7603,-0.00099,-0.00566,0.00348
2.7704,0.00018,0.00143,0.00594
2.7817,0.00200,0.00574,0.00676
2.7920,0.00453,-0.00294,0.00542
2.8012,0.00812,-0.00375,0.00606
2.8111,0.01321,-0.00490,0.00497
2.8206,0.01602,0.00259,0.00180
2.8311,0.01556,0.00131,0.00299
2.8442,0.01852,0.00191,0.00417
2.8504,0.02290,0.00092,-0.00011
2.8592,0.02353,0.00215,0.00005
2.8690,0.01230,0.00192,-0.00133
2.8793,0.00305,0.00166,-0.00343
2.8891,-0.00150,0.00005,0.00034
2.9007,-0.00246,-0.00818,0.00194
2.9150,0.00108,-0.02081,0.01369
2.9250,-0.00238,-0.01897,0.01405
2.9342,-0.00436,-0.00916,0.01619
2.9449,-0.00531,-0.00261,0.01126
2.9576,0.00256,0.00095,0.01048
2.9644,0.01225,0.00500,0.00705
2.9844,0.02344,0.00507,0.00471
2.9846,0.03123,0.00276,-0.00105
2.9938,0.02278,-0.00264,-0.00209
3.0039,0.00859,0.00131,-0.00589
3.0132,-0.00618,0.00484,-0.00232
3.0235,-0.00964,0.00195,0.00092
3.0337,-0.00542,-0.00189,0.00113
3.0434,0.00885,-0.00362,-0.00084
3.0531,0.01195,-0.00526,0.00256
3.0641,0.00467,0.00278,0.00125
3.0731,-0.00299,0.00510,0.00185
3.0848,-0.00325,0.00224,0.00182
3.1053,0.00160,-0.00940,-0.00015
3.1054,0.00960,-0.01569,0.00230
3.1119,0.01573,-0.01999,0.00531
3.1216,0.01030,-0.01515,0.00227
3.1363,0.00293,0.00446,-0.00746
3.1471,-0.00140,0.01103,-0.00682
3.1565,-0.00250,0.00069,-0.00267
3.1669,0.00011,-0.00052,-0.00262
3.1776,0.00603,-0.00171,0.00058
3.1874,0.00217,-0.00494,0.00417
3.1965,-0.00475,-0.00639,0.00456
3.2110,-0.00815,-0.00087,0.00418
3.2178,-0.00462,-0.00218,0.00298
3.2343,0.00143,0.00304,0.00429
3.2384,0.01099,0.00378,0.00745
3.2454,0.01630,-0.00162,0.00453
3.2561,0.01630,-0.00253,-0.00137
3.2655,0.00952,-0.00554,-0.00200
3.2751,0.00346,-0.00748,-0.00026
3.2863,0.00443,-0.00758,0.00156
3.2966,0.00423,-0.00493,-0.00070
3.3069,0.00710,0.00139,0.00433
3.3169,0.00270,-0.00215,0.00443
3.3258,-0.00406,-0.00598,0.00046
3.3399,-0.00453,-0.00578,0.00121
3.3457,-0.00414,0.00121,-0.00093
3.3761,-0.00375,0.00781,-0.00259
3.3765,0.00040,0.00446,-0.00099
3.3767,0.00737,-0.00040,-0.00073
3.3841,0.01314,-0.00557,0.00227
3.3930,0.01192,-0.00374,0.00374
3.4036,0.00160,0.00507,0.00412
3.4133,-0.00981,0.01212,0.00372
3.4242,-0.01613,0.01096,0.00481
3.4342,-0.01041,0.00371,0.00656
3.4443,0.00381,-0.00488,0.00374
3.4536,0.01338,0.00195,0.00031
3.4676,0.01265,-0.00023,-0.00200
3.4837,-0.00064,-0.00253,-0.00204
3.4866,-0.01038,0.00179,-0.00476
3.4933,-0.01385,0.01222,-0.00867
3.5041,-0.00656,0.00662,-0.00537
3.5132,0.00293,-0.00656,0.00073
3.5230,0.00879,-0.01517,0.00412
3.5333,0.01181,-0.01318,0.00409
3.5433,0.00565,-0.00031,0.00266
3.5529,-0.00153,0.00693,0.00281
3.5628,-0.00790,0.00589,-0.00043
3.5726,-0.00960,0.00526,0.00203
3.5826,-0.00203,0.00139,0.00471
3.5985,0.01198,-0.00732,0.00471
3.6241,0.02386,-0.01564,0.00352
3.6242,0.01973,-0.01144,0.00534
3.6243,0.00467,-0.01059,0.00259
3.6315,-0.00429,-0.01109,-0.00027
3.6405,-0.00905,-0.00606,0.00186
3.6501,-0.00681,0.00400,0.00168
3.6613,-0.00333,0.00090,-0.00484
3.6709,0.00201,-0.00876,-0.00275
3.6815,-0.00017,-0.00879,0.00142
3.6913,0.00401,-0.00092,0.00046
3.7012,0.00679,0.00284,-0.00304
3.7107,0.00662,0.00529,0.00182
3.7261,0.01579,0.01036,0.00397
3.7312,0.02444,0.01205,0.00197
3.7467,0.02882,0.00639,0.00739
3.7498,0.02922,0.00037,0.00876
3.7592,0.02295,-0.00015,0.00420
3.7686,0.00610,-0.00595,0.00471
3.7793,-0.00375,-0.01323,0.00320
3.7895,-0.00986,-0.00453,0.00116
3.7996,-0.01047,0.00334,-0.00085
3.8096,-0.00737,0.00218,0.00105
3.8193,-0.00412,0.00227,0.00537
3.8351,0.01280,-0.00005,0.00703
3.8393,0.01933,-0.00577,0.00490
3.8542,0.01727,-0.00861,0.00774
3.8763,0.01389,-0.00056,0.00710
3.8766,0.00676,0.01079,0.00305
3.8830,0.00658,0.01346,0.00111
3.8928,0.01146,0.00632,0.00230
3.9028,0.01758,0.00076,0.00592
3.9123,0.01213,-0.00354,0.00290
3.9280,0.00475,-0.00412,0.00290
3.9380,-0.00696,0.00015,0.00177
3.9484,-0.01419,0.00125,0.00655
3.9589,-0.00905,-0.00360,0.00594
3.9687,-0.00288,-0.00603,0.00269
3.9843,0.00545,-0.00616,0.00075
4.0028,0.00458,-0.00815,-0.00264
4.0030,-0.00029,-0.00201,-0.00356
4.0079,-0.00301,0.00427,-0.00281
4.0164,0.00029,0.01157,-0.00455
4.0260,0.00330,0.00685,0.00072
4.0360,0.00659,-0.00021,0.00313
4.0458,0.01039,0.00398,0.00737
4.0557,0.01134,0.00859,0.00858
4.0667,0.01407,0.00639,0.00621
4.0772,0.01321,-0.00368,0.00363
4.0867,0.01221,-0.00156,0.00168
4.0969,0.00639,-0.00716,-0.00119
4.1107,0.00174,-0.01073,-0.00244
4.1164,-0.00363,-0.00461,-0.00641
4.1299,-0.00598,-0.00217,-0.00697
4.1354,-0.00551,0.00073,-0.00618
4.1444,0.00110,-0.00014,-0.00108
4.1545,0.00813,0.00035,-0.00058
4.1646,0.01579,0.00073,-0.00032
4.1747,0.01477,0.00560,-0.00198
4.1851,0.01152,0.00909,0.00089
4.1953,0.01108,0.00903,0.00003
4.2054,0.01241,0.00284,0.00101
4.2153,0.01465,-0.00731,0.00221
4.2252,0.01494,-0.01967,0.00154
4.2393,0.00600,-0.01147,-0.00015
4.2454,-0.00488,0.00563,0.00046
4.2741,-0.00925,0.01181,0.00046
4.2743,-0.00058,0.00587,0.00243
4.2749,0.01196,-0.00511,0.00305
4.2838,0.01978,-0.01173,-0.00264
4.2938,0.01399,-0.00847,-0.00175
4.3034,0.00513,-0.00172,0.00197
4.3131,-0.00163,0.00012,0.00198
4.3237,-0.00436,0.00725,-0.00011
4.3343,-0.00221,0.01485,0.00349
4.3439,0.00111,0.01733,0.00172
4.3541,0.00696,0.00493,0.00073
4.3693,0.00864,-0.00748,0.00002
4.4003,0.00978,-0.01134,0.00194
4.4005,0.00516,-0.00331,0.00168
4.4005,-0.00247,0.00256,-0.00089
4.4019,-0.00902,0.00737,-0.00078
4.4116,-0.01064,0.00638,0.00024
4.4222,-0.01094,0.00079,0.00143
4.4313,-0.00723,-0.00331,0.00290
4.4425,-0.00397,-0.00290,0.00352
4.4527,0.00139,-0.00031,0.00427
4.4628,0.00708,-0.00548,0.00726
4.4720,0.00882,-0.00549,0.00789
4.4823,0.00819,-0.00311,0.00848
4.4955,0.00629,0.00203,0.01051
4.5019,0.00327,0.01233,0.01068
4.5225,0.00235,0.01016,0.01224
4.5227,0.00192,-0.00093,0.01079
4.5316,0.00993,-0.00346,0.00778
4.5414,0.01736,-0.00162,0.00475
4.5501,0.01526,0.00293,0.00117
4.5611,0.00861,0.00539,0.00024
4.5713,0.00204,0.00021,-0.00189
4.5806,-0.00081,-0.00214,-0.00146
4.5903,0.00348,-0.00703,-0.00156
4.6007,0.00981,0.00034,0.00038
4.6105,0.01355,0.00520,-0.00192
4.6253,0.01346,0.00916,0.00046
4.6305,0.00821,0.00883,0.00035
4.6613,0.00304,0.00583,-0.00078
4.6614,-0.00121,0.00502,0.00046
4.6615,-0.00185,-0.00096,0.00652
4.6688,-0.00136,-0.00291,0.00475
4.6787,-0.00256,0.00426,0.00832
4.6886,-0.00255,0.01410,0.01141
4.6989,-0.00375,0.01784,0.01266
4.7146,0.00238,0.00369,0.01140
4.7242,0.01103,-0.00853,0.00533
4.7344,0.01704,-0.01213,0.00349
4.7440,0.01628,-0.00517,0.00226
4.7543,0.00757,0.00420,0.00354
4.7688,-0.00233,0.01866,0.00328
4.7744,-0.01064,0.02144,0.00159
4.7838,-0.01311,0.02429,0.00180
4.7939,-0.00253,0.02782,0.00168
4.8021,0.00677,0.01547,0.00099
4.8119,0.01620,0.00067,0.00073
4.8233,0.02345,-0.00703,0.00003
4.8329,0.01817,-0.00426,0.00320
4.8434,0.00507,-0.00598,0.00471
4.8577,-0.00583,-0.00017,0.00366
4.8681,-0.00510,0.00439,0.00447
4.8802,-0.00003,0.00751,0.00105
4.8878,0.01073,0.00717,-0.00078
4.9074,0.01427,0.00456,-0.00014
4.9075,0.00365,0.00240,-0.00172
4.9166,-0.00969,0.00240,-0.00272
4.9257,-0.01266,0.00282,-0.00008
4.9355,-0.00511,-0.00024,0.00089
4.9464,0.00716,-0.00571,0.00349
4.9565,0.01474,0.00218,0.00859
4.9670,0.01396,-0.00172,0.00209
4.9771,0.00739,0.00209,0.00182
4.9856,0.00177,-0.00642,-0.00116
4.9953,0.00769,-0.00537,-0.00282
5.0058,0.00877,-0.00690,-0.00298
5.0158,0.00186,0.00623,-0.00040
5.0392,-0.00783,0.01935,-0.00102
5.0396,-0.01135,0.01245,-0.00015
5.0454,-0.00880,0.00134,-0.00102
5.0545,0.00262,0.00343,0.00134
5.0642,0.00963,0.00166,0.00256
5.0742,0.01118,0.00037,0.00163
5.0843,0.01215,0.00041,0.00266
5.0940,0.00847,0.00012,0.00380
5.1049,0.01154,-0.00601,0.00565
5.1147,0.01398,-0.00658,0.00476
5.1244,0.01201,0.00121,0.00594
5.1348,0.00867,0.00516,0.00224
5.1604,0.00377,0.00748,-0.00117
5.1604,0.00279,0.01242,-0.00200
5.1636,0.00443,0.00691,-0.00392
5.1763,0.00394,0.00427,-0.00772
5.1828,-0.00375,0.00958,-0.01019
5.1928,0.00508,-0.00560,-0.00009
5.2044,0.01262,-0.02121,-0.00310
5.2141,0.01941,-0.02223,-0.00143
5.2230,0.02048,-0.01215,-0.00322
5.2334,0.02252,-0.00316,-0.00688
5.2434,0.01915,0.00182,-0.00722
5.2534,0.00256,0.01225,-0.00546
5.2621,-0.01608,0.02446,-0.00677
5.2784,-0.02010,0.01538,-0.00670
5.2825,-0.00951,-0.00240,-0.00278
5.2931,0.01353,-0.01517,0.00153
5.3014,0.02638,-0.01787,0.00319
5.3113,0.02827,-0.00978,0.00323
5.3225,0.01567,-0.00163,0.00360
5.3323,0.00542,0.00145,0.00119
5.3414,0.00133,0.00430,-0.00078
5.3505,-0.00060,0.00862,-0.00114
5.3605,-0.00294,0.01355,0.00188
5.3705,-0.01199,0.01642,0.00435
5.3817,-0.01773,0.01923,0.00308
5.3920,-0.01491,0.01988,0.00398
5.4015,-0.00499,0.01146,0.00710
5.4195,0.00363,0.00072,0.00883
5.4216,0.00662,-0.00400,0.00534
5.4303,0.00322,-0.00774,0.00812
5.4399,-0.00758,-0.01024,0.00671
5.4496,-0.01453,-0.01085,0.00427
5.4607,-0.01050,-0.00671,-0.00183
5.4709,-0.00267,-0.00174,-0.00746
5.4802,-0.00072,-0.00171,-0.01173
5.4910,-0.00070,0.00134,-0.01054
5.5054,-0.00069,0.00380,-0.00690
5.5212,0.00557,0.00681,-0.00607
5.5296,0.01801,0.00049,-0.00134
5.5338,0.03453,-0.01230,0.00037
5.5434,0.04489,-0.01930,-0.00452
5.5531,0.03629,-0.00764,-0.00606
5.5632,0.01370,0.00813,-0.00131
5.5732,-0.01324,0.02496,0.00363
5.5843,-0.03725,0.04153,0.00801
5.6012,-0.10268,0.09822,0.00783
5.6215,-0.06606,0.05220,0.00142
5.6219,-0.02153,0.01750,0.01878
5.6296,0.00223,0.00500,0.01155
5.6393,-0.00952,0.00639,0.02078
5.6492,-0.02689,0.02361,0.01938
5.6610,-0.02843,0.03064,0.01251
5.6686,-0.00954,0.02586,0.01308
5.6856,0.01842,0.01512,0.01094
5.6892,0.03557,0.01083,0.00359
5.6995,0.03574,0.00894,0.00333
5.7082,0.02582,0.01033,0.00423
5.7175,0.02150,0.01659,0.00267
5.7284,0.02007,0.00984,0.00403
5.7380,0.03107,-0.00150,0.00519
5.7479,0.03854,-0.00551,0.00616
5.7587,0.03520,0.00661,0.00728
5.7676,0.02200,0.02281,0.00653
5.7778,0.00575,0.03786,0.00171
5.7888,-0.00671,0.04007,-0.00121
5.8015,-0.00758,0.03098,-0.00410
5.8067,0.00523,0.01752,-0.00372
5.8168,0.01549,0.00314,0.00221
5.8253,0.02405,-0.01776,0.00629
5.8358,0.01996,-0.03020,0.00063
5.8467,0.00066,-0.02167,-0.00607
5.8569,-0.02156,-0.00256,-0.00998
5.8666,-0.02666,0.00505,-0.00832
5.8763,-0.01546,-0.00200,-0.00447
5.8870,0.00253,-0.01186,-0.00282
5.8971,0.01349,-0.01750,-0.00275
5.9058,0.01628,-0.01257,-0.00433
5.9162,0.01506,-0.00853,0.00154
5.9323,0.01151,-0.00641,-0.00154
5.9350,0.01190,-0.00211,-0.00157
5.9447,0.01590,-0.00014,-0.00273
5.9542,0.02379,-0.00046,-0.00336
5.9655,0.02142,0.00259,-0.00514
5.9759,0.00899,0.00374,-0.00604
5.9859,0.00500,0.01820,0.00044
5.9955,0.00644,0.01553,0.00453
6.0054,0.01579,0.00557,0.00818
6.0154,0.02151,-0.00612,0.00238
6.0258,0.02715,-0.01132,0.00003
6.0353,0.02490,-0.01616,-0.00305
6.0462,0.01823,-0.01463,-0.00313
6.0554,0.00603,0.00302,0.00235
6.0745,0.00040,0.01723,0.00911
6.0802,-0.00020,0.01538,0.00848
6.0927,0.00845,0.00494,0.00670
6.1006,0.01947,-0.00537,0.00784
6.1143,0.02553,-0.00911,0.00418
6.1179,0.02716,-0.01097,0.00294
6.1288,0.02368,-0.01546,0.00298
6.1374,0.01999,-0.01627,-0.00061
6.1484,0.02032,-0.00224,0.00105
6.1591,0.01959,0.00835,-0.00060
6.1715,0.02286,0.01572,-0.00371
6.1904,0.02074,0.02736,-0.00563
6.1906,0.01978,0.02368,-0.00352
6.1976,0.01974,0.00986,-0.00371
6.2069,0.01994,0.00041,-0.00615
6.2165,0.02312,-0.00836,-0.00481
6.2277,0.02068,-0.01367,-0.00531
6.2374,0.01503,-0.01579,-0.00356
6.2472,0.00708,-0.02742,-0.00060
6.2572,0.00195,-0.02301,-0.00049
6.2671,-0.00023,-0.00166,-0.00311
6.2770,-0.00418,0.00824,-0.00446
6.2875,-0.00499,0.00731,-0.00320
6.3015,-0.01155,0.00888,-0.00328
6.3064,-0.02762,0.00928,-0.00816
6.3228,-0.03287,-0.00174,-0.00433
6.3263,-0.01685,-0.02414,-0.00670
6.3359,0.00732,-0.03650,-0.01186
6.3454,0.02509,-0.02469,-0.01405
6.3556,0.03108,-0.00702,-0.00670
6.3665,0.02184,0.00526,-0.00394
6.3756,0.00609,0.01590,-0.00343
6.3859,-0.00082,0.01161,-0.00188
6.3946,0.00276,-0.00430,0.00021
6.4047,0.00735,-0.02164,-0.00005
6.4154,0.00699,-0.03146,-0.00072
6.4282,0.00128,-0.02879,-0.00392
6.4357,-0.00209,-0.01178,-0.00433
6.4561,-0.00259,0.00314,-0.00525
6.4563,-0.00174,0.00473,-0.00615
6.4652,-0.00235,0.00597,-0.00493
6.4740,-0.00488,0.01088,-0.00278
6.4837,-0.01222,0.00398,0.00003
6.4930,-0.01671,-0.01060,-0.00198
6.5041,-0.01854,-0.02135,-0.00969
6.5145,-0.01253,-0.02620,-0.00746
6.5249,-0.00754,-0.02107,-0.00650
6.5350,-0.00632,-0.00645,-0.00677
6.5442,-0.00781,0.00436,-0.00198
6.5579,-0.01366,0.01404,0.00148
6.5639,-0.01520,0.01012,0.00314
6.5996,-0.01291,-0.00305,0.00409
6.5998,-0.00674,-0.01042,-0.00005
6.6000,-0.00858,-0.01431,-0.00517
6.6076,-0.01350,-0.01056,-0.00615
6.6174,-0.00980,-0.00481,-0.00572
6.6282,-0.00711,-0.00439,-0.00136
6.6384,-0.00339,-0.00218,-0.00093
6.6481,-0.00920,-0.01051,0.00282
6.6561,-0.01411,-0.01299,0.00346
6.6672,-0.01549,-0.00661,0.00266
6.6759,-0.01543,0.00803,-0.00235
6.6861,-0.00941,0.00969,0.00468
6.6967,-0.00851,0.00894,0.00179
6.7056,-0.00705,0.00365,0.00600
6.7154,-0.00815,-0.00389,0.00534
6.7256,-0.01971,-0.00301,0.00433
6.7359,-0.03548,-0.00343,0.00369
6.7466,-0.03787,-0.00360,-0.00232
6.7557,-0.02782,-0.00229,-0.00189
6.7667,-0.01210,-0.00046,0.00038
6.7767,-0.00183,0.00276,-0.00026
6.7875,-0.00528,-0.00174,0.00179
6.7976,-0.02277,0.00960,0.00298
6.8108,-0.03304,0.00948,0.00243
6.8147,-0.03876,0.00218,-0.00186
6.8353,-0.03391,-0.01068,-0.00009
6.8356,-0.02530,-0.01509,0.00301
6.8451,-0.01672,-0.01999,0.00119
6.8592,-0.02101,-0.01572,-0.00189
6.8693,-0.02281,-0.00581,-0.00127
6.8793,-0.01784,0.00078,0.00185
6.8894,-0.01498,-0.00055,0.00122
6.8992,-0.01920,-0.00392,0.00371
6.9097,-0.02356,0.00577,0.00613
6.9196,-0.02338,0.00342,0.01024
6.9290,-0.01683,-0.00504,0.00858
6.9404,-0.01651,-0.00514,0.00214
6.9508,-0.01543,-0.00238,0.00552
6.9584,-0.01566,0.00362,0.00328
6.9673,-0.01253,0.01080,0.00108
6.9775,-0.01170,0.01024,0.00056
6.9879,-0.01714,0.00473,0.00250
6.9986,-0.01854,-0.00168,0.00151
7.0093,-0.02098,-0.00241,0.00238
7.0186,-0.01813,-0.00179,0.00406
7.0282,-0.00703,-0.00093,-0.00220
7.0380,0.00291,-0.00090,-0.00067
7.0484,0.00911,-0.00290,-0.00294
7.0577,0.00764,0.00397,-0.00146
7.0679,-0.00270,0.00575,-0.00388
7.0917,-0.00970,0.00458,-0.00212
7.0919,-0.00162,0.00179,0.00075
7.0968,0.00769,-0.00261,-0.00127
7.1056,0.01363,-0.00783,-0.00229
7.1157,0.00565,0.00183,-0.00046
7.1268,-0.00786,0.01241,0.00114
7.1367,-0.01488,0.01370,0.00206
7.1470,-0.01389,0.00908,0.00360
7.1564,-0.00955,0.00235,0.00462
7.1679,-0.00229,0.00209,0.00604
7.1770,-0.00327,-0.00046,0.00200
7.1867,-0.00676,0.00015,0.00066
7.1975,-0.00937,0.00916,-0.00134
7.2069,-0.01038,0.01421,-0.00421
7.2267,-0.00429,0.01477,-0.00700
7.2273,0.00519,0.00702,-0.00615
7.2351,0.01109,-0.01018,-0.00616
7.2449,0.01201,-0.01573,-0.00401
7.2543,0.00517,-0.00835,-0.00008
7.2652,-0.00681,-0.00380,0.00125
7.2754,-0.00989,-0.00220,0.00545
7.2848,-0.00558,0.00659,0.00307
7.2954,-0.00117,0.00824,0.00238
7.3056,-0.00256,0.01044,0.00380
7.3157,-0.00499,0.00980,0.00142
7.3498,-0.00446,0.00674,0.00020
7.3501,0.00031,0.00496,0.00133
7.3504,0.00273,0.00314,0.00301
7.3538,-0.00005,0.00281,0.00078
7.3632,-0.00305,0.00259,0.00116
7.3729,-0.00858,-0.00047,0.00076
7.3829,-0.01393,0.00533,-0.00394
7.3938,-0.01402,0.01163,-0.00304
7.4053,-0.01410,0.01994,0.00027
7.4136,-0.00960,0.01775,0.00183
7.4235,0.00052,0.01212,0.00116
7.4338,0.00269,0.00826,-0.00050
7.4440,-0.00146,0.00105,-0.00237
7.4542,-0.00139,-0.00507,-0.00290
7.4740,-0.00009,0.00192,-0.00406
7.4743,-0.00119,0.00505,-0.00529
7.4837,-0.00082,0.00552,-0.00601
7.4915,-0.00177,0.00031,-0.00636
7.5018,-0.00836,0.00166,-0.00726
7.5121,-0.01529,0.01476,-0.00861
7.5215,-0.01793,0.01778,-0.00449
7.5312,-0.01579,0.01221,-0.00163
7.5464,-0.00536,0.00917,0.00070
7.5572,-0.00377,0.00754,-0.00150
7.5671,-0.00374,0.00911,-0.00085
7.5800,-0.01163,0.01045,-0.00302
7.5863,-0.01784,0.01360,-0.00374
7.5991,-0.01563,0.00940,-0.00198
7.6060,-0.00220,0.00566,-0.00069
7.6159,0.00647,0.00261,0.00179
7.6269,0.01018,0.00443,0.00482
7.6408,0.00401,0.00804,0.00604
7.6520,-0.00459,0.00565,0.00723
7.6612,-0.01239,0.00255,0.00476
7.6712,-0.00731,0.00073,-0.00005
7.6810,0.00372,-0.00172,-0.00436
7.6915,0.00690,0.00023,-0.00807
7.7003,0.00272,0.00287,-0.01160
7.7113,0.00305,0.01137,-0.00688
7.7212,-0.00307,0.01385,-0.00514
7.7379,-0.00464,0.01335,0.00194
7.7395,-0.00536,0.01509,0.00415
7.7496,-0.00090,0.00546,0.00325
7.7593,0.00821,0.00160,0.00067
7.7684,0.01251,0.00035,-0.00015
7.7785,0.00716,0.00632,0.00284
7.7887,0.00259,0.01103,0.00691
7.7993,-0.00067,0.01102,0.00681
7.8088,0.00609,0.00450,0.00491
7.8194,0.01442,0.00000,0.00439
7.8282,0.01535,0.00168,0.00360
7.8395,0.00536,0.00580,0.00133
7.8600,0.00090,0.00826,-0.00154
7.8608,0.00194,0.00800,-0.00014
7.8679,-0.00009,-0.00261,0.00075
7.8773,0.00429,-0.00577,0.00224
7.8876,0.00526,-0.00290,0.00279
7.8976,0.00343,-0.00227,0.00563
7.9076,-0.00266,0.00351,0.00648
7.9179,-0.00076,0.00786,0.00500
7.9286,0.00278,0.00433,0.00226
7.9376,0.01428,0.00185,0.00191
7.9484,0.01883,0.00604,0.00217
7.9572,0.01346,0.01436,0.00285
7.9685,-0.00163,0.01587,0.00467
7.9948,-0.00490,0.01285,0.00645
7.9951,-0.00089,0.00337,0.00835
7.9971,0.00020,-0.00375,0.00748
8.0076,-0.00409,-0.00903,0.00577
8.0154,-0.00909,-0.00719,0.00272
8.0258,-0.00571,-0.00380,-0.00096
8.0357,-0.00169,0.00076,0.00029
8.0464,-0.00302,0.00327,-0.00253
8.0567,-0.00926,0.00859,-0.00377
8.0666,-0.01462,0.01027,-0.00221
8.0762,-0.01131,0.00766,-0.00301
8.0900,-0.00577,0.00702,-0.00325
8.1066,0.00230,0.00175,0.00067
8.1070,0.00554,-0.01006,0.00325
8.1165,0.00688,-0.00673,-0.00357
8.1263,0.00671,0.00720,-0.00089
8.1339,0.00003,0.01891,0.00218
8.1456,-0.00348,0.01524,0.00218
8.1538,-0.00511,0.00806,-0.00108
8.1638,-0.00842,-0.00404,0.00102
8.1745,-0.01701,-0.01205,-0.00029
8.1844,-0.02280,0.00011,-0.00221
8.1948,-0.02458,0.00941,-0.00415
8.2052,-0.02603,0.01146,-0.00586
8.2180,-0.01347,0.00394,-0.00569
8.2422,-0.00427,0.00352,-0.00816
8.2426,0.00101,0.00523,-0.00540
8.2454,-0.00119,0.01584,0.00334
8.2534,-0.01184,0.02116,0.00482
8.2626,-0.02386,0.02240,0.00336
8.2721,-0.03032,0.02103,0.00029
8.2821,-0.03056,0.01685,-0.00697
8.2935,-0.03946,0.01941,-0.01729
8.3037,-0.03574,0.03169,-0.01523
8.3139,-0.04819,0.01991,-0.02304
8.3245,-0.04759,0.03612,-0.01057
8.3327,-0.04022,0.01851,-0.00928
8.3465,-0.02672,-0.01143,-0.01160
8.3515,0.00449,-0.01385,-0.01222
8.3670,0.03732,-0.02994,-0.01817
8.3753,0.05031,-0.03830,-0.02788
8.3827,0.04214,-0.06293,-0.00191
8.3909,0.01779,-0.07368,0.02353
8.4009,-0.00383,-0.08838,0.01952
8.4169,-0.01976,-0.08957,-0.00995
8.4277,-0.01045,-0.05133,-0.04417
8.4370,0.00117,-0.00293,-0.06505
8.4478,0.01149,0.03227,-0.09216
8.4580,0.00661,0.10091,-0.10918
8.4668,-0.01216,0.13263,-0.11978
8.4770,-0.01707,0.12349,-0.11877
8.4872,-0.00481,0.08963,-0.11449
8.5084,0.01663,0.04718,-0.10646
8.5086,0.03664,0.02786,-0.10938
8.5206,0.02972,0.04230,-0.13643
8.5296,-0.00276,0.04341,-0.16338
8.5392,-0.03545,0.03995,-0.19043
8.5501,-0.05435,0.04497,-0.20795
8.5601,-0.06200,0.04518,-0.22174
8.5702,-0.06082,0.01790,-0.23056
8.5803,-0.05009,-0.01314,-0.24863
8.5903,-0.03511,-0.02864,-0.26613
8.6037,-0.03867,-0.03802,-0.28369
8.6261,-0.05417,-0.02255,-0.30428
8.6264,-0.08022,0.01193,-0.31955
8.6321,-0.11462,0.04695,-0.33667
8.6400,-0.12657,0.04539,-0.34264
8.6499,-0.11597,0.02295,-0.34207
8.6592,-0.09090,-0.02090,-0.35396
8.6682,-0.06258,-0.07848,-0.37404
8.6780,-0.04132,-0.12152,-0.38776
8.6895,-0.03999,-0.14517,-0.38809
8.6991,-0.04997,-0.15201,-0.38010
8.7089,-0.06842,-0.15640,-0.38055
8.7188,-0.08290,-0.15927,-0.39584
8.7343,-0.08400,-0.16679,-0.41658
8.7383,-0.06874,-0.17853,-0.42444
8.7622,-0.03435,-0.18224,-0.41875
8.7625,0.00473,-0.17911,-0.42087
8.7670,0.02345,-0.19463,-0.44057
8.7776,0.01930,-0.20596,-0.45923
8.7872,-0.01370,-0.20117,-0.47246
8.7969,-0.05153,-0.19562,-0.48203
8.8071,-0.05878,-0.20486,-0.48662
8.8173,-0.02989,-0.23029,-0.48537
8.8273,0.01822,-0.27541,-0.49033
8.8384,0.06241,-0.32402,-0.49924
8.8470,0.07170,-0.35370,-0.50293
8.8618,0.04070,-0.34059,-0.50470
8.8667,-0.00229,-0.29750,-0.49828
8.8953,-0.03386,-0.27876,-0.49615
8.8957,-0.03366,-0.29095,-0.50235
8.9008,-0.01161,-0.31404,-0.51393
8.9058,-0.01082,-0.32771,-0.52834
8.9156,-0.03531,-0.32423,-0.53067
8.9256,-0.08415,-0.28262,-0.51974
8.9356,-0.13863,-0.21996,-0.50929
8.9462,-0.16197,-0.15160,-0.49446
8.9559,-0.15504,-0.09978,-0.46770
8.9667,-0.12169,-0.07533,-0.42870
8.9761,-0.08649,-0.09941,-0.39043
8.9889,-0.05719,-0.16553,-0.35422
9.0120,-0.02002,-0.22963,-0.32498
9.0123,0.02229,-0.29927,-0.30382
9.0156,0.08292,-0.34723,-0.30086
9.0261,0.13367,-0.37866,-0.30725
9.0339,0.17441,-0.39252,-0.31099
9.0443,0.19547,-0.38622,-0.30038
9.0541,0.19435,-0.37878,-0.29095
9.0643,0.19087,-0.35313,-0.28366
9.0748,0.17436,-0.30637,-0.28967
9.0853,0.13390,-0.29121,-0.28868
9.0952,0.09848,-0.30690,-0.27965
9.1047,0.09828,-0.33891,-0.27664
9.1191,0.11720,-0.33202,-0.27805
9.1248,0.13301,-0.29050,-0.27325
9.1449,0.14349,-0.27347,-0.26895
9.1469,0.15634,-0.29140,-0.25523
9.1529,0.16560,-0.30061,-0.25111
9.1627,0.18512,-0.32684,-0.25517
9.1718,0.20721,-0.33936,-0.26811
9.1819,0.22270,-0.36749,-0.26944
9.1980,0.23680,-0.40677,-0.24799
9.2082,0.23497,-0.43625,-0.22476
9.2178,0.24248,-0.46237,-0.21501
9.2275,0.24944,-0.44847,-0.21667
9.2377,0.23553,-0.39398,-0.24028
9.2498,0.20503,-0.33791,-0.25735
9.2573,0.14861,-0.29834,-0.25732
9.2742,0.10760,-0.28096,-0.25833
9.2781,0.09427,-0.29012,-0.25107
9.2869,0.09048,-0.30746,-0.23866
9.2958,0.09064,-0.31642,-0.22507
9.3055,0.08269,-0.29393,-0.20638
9.3156,0.05453,-0.25987,-0.18762
9.3263,0.02666,-0.23201,-0.17513
9.3364,-0.00476,-0.21251,-0.17087
9.3466,-0.03281,-0.20753,-0.16951
9.3563,-0.04198,-0.22354,-0.15977
9.3669,-0.02402,-0.24161,-0.14209
9.3984,0.01730,-0.22816,-0.12735
9.3987,0.06503,-0.24269,-0.10938
9.3989,0.07907,-0.22789,-0.10364
9.4055,0.05177,-0.17384,-0.11145
9.4145,0.00900,-0.11432,-0.11884
9.4258,-0.03741,-0.06445,-0.13196
9.4362,-0.06427,-0.00339,-0.14407
9.4458,-0.06860,0.06549,-0.14734
9.4554,-0.08125,0.18524,-0.13504
9.4660,-0.10168,0.30916,-0.12271
9.4750,-0.11156,0.31728,-0.09738
9.4898,-0.15056,0.02112,-0.15411
9.5007,-0.09366,-0.17526,-0.19887
9.5281,0.00760,-0.21315,-0.21127
9.5285,0.10838,-0.15289,-0.17354
9.5310,0.16771,-0.04488,-0.10385
9.5396,0.15256,0.12192,-0.04199
9.5487,0.10580,0.25687,-0.00940
9.5577,0.07597,0.30336,-0.00140
9.5682,0.05177,0.23869,-0.02666
9.5783,0.07277,0.08231,-0.06326
9.5879,0.13089,-0.06853,-0.09729
9.5982,0.18791,-0.10143,-0.07881
9.6078,0.21498,-0.03967,-0.01874
9.6179,0.21809,0.08057,0.04483
9.6281,0.24159,0.14735,0.09569
9.6382,0.29500,0.12680,0.13866
9.6545,0.35431,0.02621,0.15446
9.6569,0.39073,-0.10425,0.14496
9.6663,0.35696,-0.17586,0.11987
9.6764,0.29736,-0.16393,0.12050
9.6866,0.24480,-0.07208,0.16643
9.6967,0.23206,0.08539,0.22943
9.7072,0.26276,0.16907,0.30016
9.7174,0.32846,0.15923,0.36176
9.7275,0.41779,0.07166,0.40215
9.7372,0.45366,-0.05081,0.39204
9.7528,0.42052,-0.16998,0.35809
9.7571,0.34160,-0.17587,0.30745
9.7764,0.24371,-0.07144,0.27057
9.7765,0.16261,0.06726,0.27502
9.7854,0.10390,0.20038,0.28426
9.7952,0.10240,0.24184,0.30844
9.8049,0.16772,0.18741,0.33040
9.8156,0.26563,0.08711,0.31758
9.8259,0.35040,-0.06067,0.30568
9.8359,0.37169,-0.19951,0.25937
9.8454,0.35432,-0.26543,0.18361
9.8557,0.31470,-0.14133,0.16060
9.8665,0.22537,0.05965,0.18579
9.8813,0.13962,0.21127,0.22774
9.8852,0.12260,0.23796,0.25768
9.9142,0.18596,0.18225,0.27654
9.9146,0.28470,0.07495,0.28845
9.9148,0.35970,-0.04420,0.29181
9.9251,0.38225,-0.10648,0.29962
9.9363,0.34473,-0.09135,0.30482
9.9443,0.28587,-0.05260,0.29642
9.9528,0.23242,0.10655,0.27861
9.9628,0.16594,0.24939,0.28461
9.9786,0.09410,0.32382,0.29564
9.9885,0.03209,0.39441,0.30307
9.9995,-0.01147,0.39124,0.31093
10.0084,-0.01971,0.29665,0.30862
10.0256,-0.01039,0.16794,0.28186
10.0293,0.03281,0.05565,0.25189
10.0395,0.11485,0.00938,0.23227
10.0485,0.18446,0.04570,0.24699
10.0572,0.19077,0.13162,0.28445
10.0677,0.13957,0.24113,0.31088
10.0781,0.06714,0.33539,0.32393
10.0879,-0.00658,0.38371,0.32837
10.0983,-0.05313,0.37805,0.33887
10.1075,-0.04871,0.33974,0.34750
10.1174,-0.00583,0.29446,0.34303
10.1421,0.05910,0.26515,0.34581
10.1423,0.09337,0.29318,0.36819
10.1460,0.08554,0.35316,0.40015
10.1558,0.06590,0.40205,0.42819
10.1708,0.02155,0.46803,0.43259
10.1757,-0.02707,0.51813,0.42845
10.1855,-0.07947,0.47574,0.42474
10.1960,-0.10738,0.38899,0.40132
10.2061,-0.07661,0.30579,0.37752
10.2159,0.00247,0.24174,0.38469
10.2261,0.06970,0.22331,0.39879
10.2365,0.09036,0.24387,0.41989
10.2457,0.06335,0.34328,0.42986
10.2618,0.01677,0.47499,0.43712
10.2677,-0.03479,0.59175,0.45750
10.2769,-0.08052,0.63928,0.47716
10.2980,-0.07056,0.61002,0.46407
10.2984,-0.00482,0.53679,0.44031
10.3053,0.07237,0.43066,0.42503
10.3162,0.14935,0.36426,0.43811
10.3259,0.20470,0.36629,0.49512
10.3353,0.21046,0.42668,0.56467
10.3453,0.18758,0.48276,0.62553
10.3552,0.16087,0.49100,0.65872
10.3652,0.13193,0.49529,0.65599
10.3745,0.11049,0.48206,0.66568
10.3884,0.09334,0.44203,0.69086
10.4146,0.09605,0.45781,0.71048
10.4150,0.12270,0.48538,0.73842
10.4156,0.16324,0.50803,0.77672
10.4248,0.20531,0.48740,0.82582
10.4331,0.25760,0.40198,0.86168
10.4426,0.29280,0.33208,0.87103
10.4583,0.23311,0.32834,0.86041
10.4690,0.16394,0.34641,0.85844
10.4781,0.13928,0.40054,0.86525
10.4885,0.14639,0.43245,0.89203
10.4983,0.16299,0.42561,0.91702
10.5079,0.18518,0.39830,0.92668
10.5190,0.19617,0.38406,0.93042
10.5414,0.17419,0.39008,0.93451
10.5416,0.13820,0.41238,0.97121
10.5472,0.09587,0.40224,1.00536
10.5577,0.06476,0.36916,1.00891
10.5669,0.07057,0.34459,1.00299
10.5774,0.08604,0.28441,1.00870
10.5866,0.12515,0.21196,0.99007
10.5980,0.17038,0.15427,0.96411
10.6071,0.19450,0.10899,0.93207
10.6164,0.17268,0.13467,0.91516
10.6263,0.10020,0.23036,0.90961
10.6368,0.00577,0.32285,0.91638
10.6466,-0.06453,0.36176,0.94301
10.6566,-0.07741,0.28932,0.98927
10.6766,-0.02959,0.11357,1.01158
10.6767,0.05962,-0.08604,0.96564
10.6853,0.12886,-0.18446,0.82887
10.6945,0.14761,-0.14548,0.68657
10.7043,0.08234,-0.00728,0.60773
10.7142,-0.05574,0.15089,0.57703
10.7245,-0.17404,0.22612,0.56079
10.7344,-0.21318,0.19183,0.54745
10.7446,-0.20309,0.09700,0.50162
10.7589,-0.16628,-0.03487,0.45474
10.7715,-0.16631,-0.14964,0.39526
10.7909,-0.21550,-0.17853,0.28670
10.7911,-0.25540,-0.11081,0.18141
10.7982,-0.29315,-0.00546,0.12297
10.8080,-0.30952,0.06976,0.10016
10.8183,-0.29207,0.06015,0.07829
10.8291,-0.25905,-0.03642,0.03613
10.8386,-0.26581,-0.16907,-0.01241
10.8492,-0.31859,-0.33455,-0.07162
10.8593,-0.35658,-0.49422,-0.14096
10.8693,-0.34946,-0.58411,-0.20282
10.8784,-0.31067,-0.61125,-0.21086
10.8892,-0.25970,-0.58734,-0.19432
10.9050,-0.22130,-0.52780,-0.21364
10.9078,-0.19888,-0.46501,-0.26851
10.9305,-0.20880,-0.45996,-0.32635
10.9306,-0.27803,-0.53496,-0.39650
10.9371,-0.35718,-0.65651,-0.46516
10.9477,-0.44305,-0.79192,-0.55481
10.9570,-0.47588,-0.84540,-0.61351
10.9676,-0.46828,-0.77330,-0.63130
10.9776,-0.46623,-0.66411,-0.64990
10.9881,-0.45854,-0.59300,-0.68604
10.9970,-0.45169,-0.53160,-0.73982
11.0060,-0.44742,-0.45433,-0.83278
11.0162,-0.44518,-0.41684,-0.91898
11.0301,-0.46205,-0.44681,-0.96739
11.0374,-0.47696,-0.54001,-0.99524
11.0590,-0.43417,-0.62668,-1.00095
11.0594,-0.35129,-0.62596,-1.00075
11.0662,-0.28947,-0.56412,-1.01183
11.0748,-0.28050,-0.48685,-1.03271
11.0858,-0.32234,-0.40680,-1.06956
11.0955,-0.38290,-0.33054,-1.12201
11.1056,-0.43921,-0.28839,-1.17462
11.1161,-0.49367,-0.29529,-1.19952
11.1249,-0.49785,-0.27362,-1.20653
11.1347,-0.43152,-0.24904,-1.19707
11.1450,-0.36751,-0.26347,-1.19368
11.1554,-0.33705,-0.27519,-1.18657
11.1697,-0.35394,-0.29222,-1.17671
11.1751,-0.40396,-0.31033,-1.17557
11.1841,-0.40428,-0.27541,-1.18439
11.1940,-0.39621,-0.26180,-1.18234
11.2049,-0.42606,-0.26576,-1.18355
11.2149,-0.45497,-0.22812,-1.16437
11.2247,-0.46461,-0.19170,-1.12665
11.2346,-0.44226,-0.16353,-1.08321
11.2450,-0.38837,-0.15422,-1.04691
11.2551,-0.34138,-0.21198,-1.02061
11.2646,-0.31653,-0.31641,-1.01935
11.2737,-0.28151,-0.38898,-1.02385
11.2848,-0.26903,-0.42113,-1.02576
11.2941,-0.28584,-0.35895,-1.03162
11.3093,-0.32518,-0.27840,-1.03754
11.3147,-0.37512,-0.18951,-1.05667
11.3245,-0.41988,-0.08914,-1.05725
11.3342,-0.44339,-0.02663,-1.02895
11.3428,-0.43253,-0.05701,-0.99107
11.3524,-0.40231,-0.17171,-0.95924
11.3623,-0.37103,-0.29956,-0.92725
11.3728,-0.34032,-0.33948,-0.90987
11.3831,-0.31497,-0.31433,-0.90111
11.3927,-0.29494,-0.29977,-0.87724
11.4024,-0.24516,-0.29558,-0.84499
11.4130,-0.15919,-0.26924,-0.82057
11.4264,-0.08344,-0.17900,-0.77696
11.4421,-0.11131,-0.09807,-0.74129
11.4470,-0.16995,-0.02858,-0.70659
11.4564,-0.22064,-0.01529,-0.68512
11.4657,-0.21510,-0.10851,-0.67122
11.4758,-0.14136,-0.23517,-0.64568
11.4861,-0.05859,-0.29544,-0.60468
11.4968,-0.00775,-0.20093,-0.59807
11.5064,-0.01620,-0.00119,-0.58258
11.5162,-0.12553,0.21204,-0.55371
11.5260,-0.25334,0.38516,-0.52547
11.5421,-0.35048,0.42409,-0.48233
11.5654,-0.36787,0.29114,-0.44138
11.5654,-0.29936,0.10695,-0.41328
11.5699,-0.23834,-0.04832,-0.35605
11.5808,-0.24539,-0.08043,-0.30745
11.5892,-0.28120,-0.01164,-0.27904
11.5990,-0.32207,0.04366,-0.32556
11.6100,-0.31729,0.12627,-0.42087
11.6200,-0.26540,0.25203,-0.49803
11.6300,-0.23105,0.33397,-0.46129
11.6404,-0.22739,0.32333,-0.27452
11.6505,-0.18214,0.19609,-0.08159
11.6607,-0.05907,0.02173,0.03477
11.6699,0.09547,-0.04453,0.10107
11.6855,0.22173,-0.04210,0.11423
11.6887,0.24672,-0.03212,0.10538
11.6982,0.16505,-0.05542,0.11572
11.7077,0.00899,-0.00221,0.16051
11.7177,-0.17409,0.17601,0.24191
11.7286,-0.34268,0.34380,0.28110
11.7385,-0.41722,0.46606,0.28680
11.7479,-0.44232,0.50099,0.30881
11.7582,-0.45258,0.45338,0.34036
11.7682,-0.42325,0.39178,0.42125
11.7784,-0.36121,0.28311,0.49579
11.7865,-0.27536,0.20703,0.54578
11.8000,-0.21599,0.24988,0.55928
11.8088,-0.21700,0.35892,0.55473
11.8163,-0.26485,0.45650,0.53696
11.8264,-0.30292,0.52385,0.50726
11.8361,-0.32794,0.56305,0.47823
11.8466,-0.37466,0.60931,0.45358
11.8562,-0.45041,0.66348,0.49475
11.8666,-0.51926,0.63664,0.61745
11.8760,-0.50656,0.52963,0.74182
11.8864,-0.33626,0.41963,0.79306
11.8968,-0.08742,0.36588,0.81105
11.9061,0.10587,0.34361,0.78728
11.9162,0.19098,0.39056,0.77849
11.9258,0.12569,0.48170,0.75197
11.9414,0.00589,0.62125,0.68987
11.9473,-0.12714,0.78215,0.66083
11.9553,-0.25471,0.88879,0.68039
11.9652,-0.31226,0.85469,0.74347
11.9750,-0.24310,0.70248,0.81650
11.9851,-0.12186,0.50092,0.85432
11.9951,-0.00171,0.38716,0.86162
12.0053,0.08289,0.41779,0.88187
12.0148,0.10947,0.48692,0.89651
12.0256,0.11906,0.53625,0.85512
12.0350,0.10884,0.58873,0.80777
12.0447,0.03815,0.65846,0.77582
12.0540,-0.05360,0.69536,0.78522
12.0705,-0.10281,0.66710,0.80872
12.0744,-0.07988,0.57353,0.82962
12.0840,-0.00583,0.42087,0.83842
12.0931,0.09569,0.30150,0.82439
12.1035,0.19539,0.27292,0.82222
12.1138,0.25201,0.28676,0.81563
12.1239,0.23318,0.30096,0.80679
12.1352,0.16621,0.25339,0.72330
12.1443,0.07506,0.24419,0.62744
12.1527,-0.08118,0.25499,0.58269
12.1624,-0.22238,0.20232,0.61528
12.1726,-0.24495,0.07034,0.67015
12.1836,-0.14114,-0.09622,0.69168
12.1940,-0.00970,-0.13472,0.66597
12.2110,0.05101,-0.03369,0.62622
12.2137,0.00146,0.11937,0.59209
12.2228,-0.09035,0.25459,0.59779
12.2327,-0.12711,0.25243,0.57997
12.2423,-0.04326,0.10600,0.52200
12.2531,0.09677,-0.10439,0.49269
12.2630,0.23981,-0.27629,0.47318
12.2727,0.34006,-0.34204,0.45000
12.2830,0.38423,-0.28531,0.43275
12.2913,0.36967,-0.17961,0.40282
12.3011,0.31479,-0.06410,0.37883
12.3110,0.20808,0.05818,0.34875
12.3289,0.10089,0.12732,0.28088
12.3353,0.07425,0.14005,0.17328
12.3459,0.06577,0.12646,0.09778
12.3551,0.08508,0.04776,0.04482
12.3658,0.18106,0.00443,0.01651
12.3749,0.27304,0.00793,-0.00134
12.3854,0.33812,0.01735,-0.05389
12.4004,0.34119,0.14023,-0.12669
12.4100,0.23207,0.27773,-0.19815
12.4200,0.11778,0.29350,-0.24446
12.4298,0.05603,0.14943,-0.27638
12.4407,0.02940,-0.01685,-0.32971
12.4496,0.09157,-0.12425,-0.43430
12.4585,0.21956,-0.11882,-0.55188
12.4687,0.31444,-0.05710,-0.61644
12.4787,0.30981,0.06064,-0.63637
12.4889,0.23860,0.20131,-0.66022
12.4985,0.19464,0.22108,-0.69382
12.5086,0.21472,0.10085,-0.72899
12.5188,0.29088,-0.10739,-0.72169
12.5285,0.44902,-0.35973,-0.74585
12.5380,0.64267,-0.51772,-0.81944
12.5486,0.72580,-0.53465,-0.90347
12.5582,0.63733,-0.38272,-1.01845
12.5687,0.44490,-0.20036,-1.11583
12.5781,0.23743,-0.09479,-1.16997
12.5876,0.05785,-0.07135,-1.18901
12.5972,-0.04300,-0.10336,-1.17723
12.6071,-0.05022,-0.17737,-1.16872
12.6170,-0.00500,-0.28903,-1.19196
12.6277,0.08255,-0.42230,-1.21773
12.6376,0.14154,-0.43822,-1.25172
12.6473,0.15460,-0.39713,-1.26450
12.6573,0.18140,-0.40695,-1.21336
12.6691,0.23212,-0.45609,-1.14468
12.6768,0.27896,-0.57437,-1.09302
12.6863,0.33681,-0.72214,-1.09056
12.7010,0.37296,-0.79262,-1.11420
12.7060,0.38158,-0.84486,-1.12340
12.7161,0.37109,-0.89819,-1.09586
12.7262,0.36676,-0.94356,-1.04007
12.7362,0.37802,-0.97742,-0.98117
12.7474,0.35396,-0.93791,-0.93286
12.7563,0.23773,-0.86729,-0.88744
12.7668,0.09972,-0.82233,-0.89903
12.7770,-0.01543,-0.78485,-0.92819
12.7868,-0.11368,-0.73581,-0.90266
12.7966,-0.14821,-0.69649,-0.81990
12.8061,-0.08266,-0.71016,-0.73055
12.8182,0.04292,-0.77827,-0.67644
12.8261,0.15494,-0.81923,-0.63718
12.8438,0.14655,-0.79028,-0.62062
12.8464,0.01945,-0.73593,-0.62674
12.8542,-0.16290,-0.59503,-0.65387
12.8651,-0.32146,-0.48215,-0.71870
12.8743,-0.35649,-0.49261,-0.77487
12.8847,-0.27197,-0.58597,-0.76454
12.8959,-0.10100,-0.65675,-0.68895
12.9057,0.06854,-0.68405,-0.56047
12.9163,0.12367,-0.62120,-0.44612
12.9255,0.01897,-0.47679,-0.37595
12.9353,-0.08151,-0.46463,-0.45874
12.9499,-0.05617,-0.50264,-0.60088
12.9553,0.00386,-0.56082,-0.67006
12.9751,0.06224,-0.62698,-0.66704
12.9752,0.09439,-0.64580,-0.60588
12.9841,0.09106,-0.61810,-0.51932
12.9925,0.01123,-0.46915,-0.41969
13.0032,-0.14894,-0.19186,-0.30357
13.0126,-0.27750,-0.06635,-0.30281
13.0227,-0.22591,-0.17535,-0.44974
13.0344,-0.06935,-0.35091,-0.58990
13.0439,0.06377,-0.47003,-0.61366
13.0537,0.11600,-0.48090,-0.54240
13.0635,0.06866,-0.38899,-0.47495
13.0742,-0.04373,-0.17432,-0.39256
13.0935,-0.17392,0.05936,-0.27100
13.0990,-0.22798,0.16379,-0.24219
13.1086,-0.16759,0.09552,-0.34859
13.1178,-0.02150,-0.09476,-0.50778
13.1265,0.07469,-0.18901,-0.54462
13.1365,0.07645,-0.16428,-0.46336
13.1472,0.07326,-0.11990,-0.35591
13.1569,0.09424,-0.04640,-0.26431
13.1679,0.09454,0.09390,-0.18697
13.1768,0.06003,0.20099,-0.14243
13.1868,0.10486,0.11481,-0.23111
13.2008,0.20265,-0.02548,-0.35576
13.2069,0.17577,0.01247,-0.36798
13.2403,0.00320,0.22571,-0.31302
13.2406,-0.19392,0.51778,-0.24281
13.2409,-0.30225,0.74007,-0.15169
13.2467,-0.30046,0.82738,-0.02464
13.2553,-0.22600,0.76030,0.09882
13.2659,-0.08521,0.51328,0.15559
13.2755,0.03185,0.30377,0.13313
13.2861,0.01003,0.31238,0.08977
13.2954,-0.12604,0.48445,0.09132
13.3065,-0.27147,0.68793,0.15846
13.3162,-0.34222,0.82207,0.25050
13.3280,-0.28363,0.81223,0.32013
13.3437,-0.12593,0.64755,0.37476
13.3457,0.08855,0.40913,0.39290
13.3578,0.23553,0.23842,0.41586
13.3692,0.16537,0.25063,0.48099
13.3796,0.00786,0.36292,0.50375
13.3893,-0.13319,0.53297,0.50757
13.3996,-0.18962,0.61020,0.51341
13.4096,-0.12515,0.56459,0.52052
13.4193,-0.00182,0.49448,0.54060
13.4287,0.09415,0.40323,0.58914
13.4398,0.14590,0.32344,0.59406
13.4491,0.13167,0.29309,0.59229
13.4605,0.06325,0.30890,0.61571
13.4794,-0.00793,0.38852,0.65720
13.4797,-0.03839,0.47769,0.70380
13.4882,-0.02829,0.53058,0.74712
13.4975,-0.01852,0.57950,0.77393
13.5080,-0.01355,0.57423,0.79488
13.5178,-0.00743,0.54123,0.80548
13.5270,0.00890,0.47444,0.83804
13.5369,0.05002,0.35652,0.85587
13.5475,0.11278,0.27879,0.85577
13.5573,0.11600,0.32666,0.85835
13.5677,0.05522,0.42780,0.84712
13.5774,-0.01018,0.52452,0.83234
13.5882,-0.04814,0.59378,0.82828
13.6128,-0.06572,0.63924,0.82167
13.6130,-0.06052,0.64566,0.82278
13.6177,-0.03876,0.59637,0.83139
13.6255,0.02103,0.46303,0.85562
13.6354,0.09132,0.31445,0.85809
13.6451,0.12117,0.26579,0.84320
13.6551,0.08603,0.37425,0.82683
13.6664,-0.01270,0.56914,0.80881
13.6756,-0.10081,0.64326,0.81227
13.6860,-0.12299,0.59245,0.83566
13.6955,-0.08011,0.48450,0.85768
13.7066,-0.01213,0.39117,0.86699
13.7274,0.03094,0.34308,0.88693
13.7274,0.03616,0.34363,0.91953
13.7369,0.05130,0.32721,0.93851
13.7443,0.09866,0.30861,0.96419
13.7545,0.11768,0.35431,0.99689
13.7652,0.10031,0.36295,1.03358
13.7757,0.09378,0.29039,1.05737
13.7849,0.10022,0.20445,1.05580
13.7954,0.10129,0.13632,1.07602
13.8051,0.10727,0.10381,1.13068
13.8143,0.14362,0.12764,1.18985
13.8264,0.20689,0.10095,1.24931
13.8395,0.23671,0.11134,1.29834
13.8454,0.18710,0.12347,1.32942
13.8680,0.11404,0.11934,1.34914
13.8681,0.05612,0.11865,1.35425
13.8780,0.04257,0.12227,1.33220
13.8877,0.05984,0.09244,1.31628
13.8980,0.07697,0.03516,1.30956
13.9078,0.08966,0.03345,1.30376
13.9187,0.08746,0.06628,1.32915
13.9283,0.08058,0.04439,1.36156
13.9389,0.08984,0.04210,1.38622
13.9479,0.09665,0.05695,1.40752
13.9578,0.10573,0.07027,1.39259
13.9695,0.12764,0.02336,1.33507
13.9782,0.14908,-0.06004,1.22833
13.9935,0.13174,-0.05179,1.11172
13.9985,0.06273,0.00494,1.02592
14.0077,-0.00551,0.13759,1.00534
14.0168,-0.04683,0.26921,1.01706
14.0259,-0.04021,0.33426,1.02609
14.0381,0.00204,0.34375,1.01270
14.0459,0.01894,0.30441,0.95399
14.0553,-0.00800,0.21071,0.87997
14.0652,-0.05115,0.10045,0.81068
14.0751,-0.08876,0.03815,0.73785
14.0852,-0.10217,0.03444,0.67133
14.0951,-0.11957,0.10234,0.62767
14.1077,-0.15634,0.16870,0.60982
14.1154,-0.15039,0.17281,0.59576
14.1250,-0.13982,0.13515,0.55081
14.1353,-0.18875,0.07043,0.44368
14.1451,-0.26633,0.03633,0.32137
14.1553,-0.37383,0.04791,0.20639
14.1655,-0.42432,0.05724,0.15080
14.1741,-0.36372,-0.03046,0.11446
14.1851,-0.23347,-0.14040,0.11040
14.1961,-0.12073,-0.18385,0.12090
14.2062,-0.08405,-0.12051,0.09880
14.2201,-0.14792,-0.00488,0.03029
14.2249,-0.25874,0.06282,-0.05779
14.2500,-0.36665,0.02133,-0.13399
14.2503,-0.42055,-0.14534,-0.18550
14.2550,-0.36429,-0.30551,-0.20068
14.2654,-0.28101,-0.40569,-0.19975
14.2756,-0.22995,-0.44716,-0.18785
14.2846,-0.22867,-0.47339,-0.19363
14.2926,-0.24658,-0.45181,-0.24405
14.3025,-0.25212,-0.37907,-0.34680
14.3135,-0.25082,-0.31572,-0.45241
14.3231,-0.27533,-0.30750,-0.50890
14.3388,-0.39931,-0.34204,-0.56165
14.3501,-0.46550,-0.32884,-0.60208
14.3595,-0.48708,-0.29256,-0.64563
14.3725,-0.44717,-0.26152,-0.67155
14.3778,-0.35739,-0.27844,-0.67125
14.3871,-0.25914,-0.38254,-0.68919
14.3982,-0.16061,-0.44896,-0.73730
14.4066,-0.12587,-0.47211,-0.77867
14.4167,-0.16997,-0.49591,-0.81075
14.4277,-0.22559,-0.51569,-0.85014
14.4378,-0.27313,-0.50241,-0.87675
14.4475,-0.30846,-0.45505,-0.88245
14.4571,-0.26996,-0.38104,-0.87219
14.4678,-0.19049,-0.33980,-0.86003
14.4786,-0.13190,-0.35747,-0.84705
14.5005,-0.14262,-0.39600,-0.84933
14.5006,-0.18353,-0.43446,-0.86176
14.5058,-0.20564,-0.45161,-0.88956
14.5156,-0.16516,-0.43243,-0.92328
14.5253,-0.10008,-0.43671,-0.93495
14.5374,-0.03395,-0.43819,-0.89058
14.5459,-0.00104,-0.44450,-0.85068
14.5561,-0.00378,-0.47185,-0.82762
14.5668,-0.04376,-0.47462,-0.79243
14.5764,-0.09395,-0.48097,-0.76991
14.5861,-0.10854,-0.44272,-0.75488
14.5959,-0.10875,-0.41695,-0.77136
14.6068,-0.06889,-0.40569,-0.78319
14.6294,-0.05051,-0.40714,-0.75583
14.6298,-0.01924,-0.44205,-0.70222
14.6360,0.02992,-0.46471,-0.64197
14.6461,0.01030,-0.36736,-0.61707
14.6597,-0.09358,-0.20581,-0.60924
14.6704,-0.26825,-0.05203,-0.67079
14.6807,-0.43796,0.03479,-0.72047
14.6893,-0.51013,0.04369,-0.72955
14.6991,-0.48067,-0.00975,-0.69891
14.7089,-0.40158,-0.05811,-0.62173
14.7191,-0.32205,-0.09306,-0.51172
14.7344,-0.31363,-0.08734,-0.43884
14.7403,-0.38879,-0.01642,-0.41917
14.7649,-0.52400,0.06447,-0.41261
14.7650,-0.63268,0.10777,-0.38696
14.7674,-0.64091,0.05092,-0.30148
14.7774,-0.51222,-0.03770,-0.21365
14.7868,-0.31075,-0.11171,-0.10301
14.7969,-0.13737,-0.16037,0.00374
14.8082,-0.05984,-0.21205,0.04222
14.8181,-0.06160,-0.20804,0.03560
14.8276,-0.10535,-0.15819,0.03674
14.8376,-0.19115,0.00912,0.03662
14.8491,-0.32712,0.24786,0.03889
14.8610,-0.48633,0.44615,0.04195
14.8799,-0.66315,0.58569,0.04170
14.8804,-0.78366,0.61621,0.08034
14.8882,-0.75589,0.53125,0.16591
14.8970,-0.53084,0.37929,0.22893
14.9056,-0.20256,0.18677,0.31714
14.9155,0.04747,0.06061,0.46330
14.9269,0.10907,0.03119,0.64247
14.9362,-0.00383,0.20313,0.75389
14.9469,-0.19081,0.47072,0.75792
14.9565,-0.39380,0.66005,0.70013
14.9663,-0.52379,0.74835,0.67435
14.9769,-0.55698,0.70703,0.69380
14.9919,-0.47209,0.53377,0.79599
14.9965,-0.28568,0.27792,0.95279
15.0160,-0.03856,0.10088,1.12537
15.0161,0.15115,0.12802,1.23624
15.0253,0.15454,0.29492,1.27440
15.0345,0.02162,0.46101,1.25395
15.0448,-0.10161,0.54092,1.16241
15.0556,-0.18805,0.57126,1.08855
15.0663,-0.30705,0.61377,1.07620
15.0758,-0.43579,0.73770,1.12759
15.0857,-0.54213,0.85361,1.18768
15.0966,-0.57338,0.90620,1.20354
15.1054,-0.57129,0.86958,1.18884
15.1163,-0.49754,0.72243,1.10521
15.1246,-0.36752,0.59354,1.07190
15.1502,-0.26471,0.51857,1.16486
15.1505,-0.18546,0.51509,1.28740
15.1538,-0.15796,0.52388,1.39658
15.1655,-0.13158,0.54834,1.48900
15.1726,-0.09674,0.65276,1.52184
15.1825,-0.10118,0.74155,1.46510
15.1928,-0.15089,0.76942,1.38220
15.2030,-0.19905,0.72321,1.30823
15.2147,-0.17119,0.66966,1.24928
15.2239,-0.08026,0.65924,1.18382
15.2337,0.00502,0.66888,1.15176
15.2444,0.05144,0.68694,1.14099
15.2654,0.10153,0.71022,1.10115
15.2654,0.19028,0.66994,1.04420
15.2715,0.31033,0.56422,0.97661
15.2814,0.40300,0.41260,0.90076
15.2910,0.42598,0.35559,0.82262
15.3060,0.35898,0.40207,0.60555
15.3161,0.26501,0.48669,0.44907
15.3268,0.18034,0.54045,0.35750
15.3369,0.21420,0.52785,0.34790
15.3464,0.38303,0.39748,0.35895
15.3572,0.63898,0.14664,0.34875
15.3675,0.83246,-0.05769,0.32117
15.3773,0.87196,-0.17206,0.24583
15.4019,0.82388,-0.19954,0.09186
15.4022,0.68858,-0.15237,-0.08279
15.4063,0.52454,0.04559,-0.23431
15.4161,0.41028,0.21133,-0.29723
15.4258,0.36760,0.26517,-0.32375
15.4402,0.38672,0.19514,-0.31213
15.4507,0.48846,0.02965,-0.31085
15.4601,0.61017,-0.13942,-0.37775
15.4707,0.68146,-0.27673,-0.48351
15.4814,0.71123,-0.37485,-0.62483
15.4916,0.72586,-0.37460,-0.70944
15.5079,0.66187,-0.30647,-0.82072
15.5090,0.50601,-0.17545,-0.90434
15.5195,0.25851,0.00157,-0.95755
15.5286,0.02632,0.13239,-1.00406
15.5382,-0.07051,0.19658,-1.00926
15.5490,0.04219,0.04091,-0.99559
15.5591,0.35030,-0.27306,-1.00545
15.5698,0.63812,-0.54129,-1.04547
15.5791,0.72182,-0.66753,-1.14119
15.5890,0.59009,-0.64061,-1.26500
15.5992,0.25571,-0.41705,-1.40540
15.6094,-0.14355,-0.13005,-1.50958
15.6194,-0.36189,-0.02234,-1.48300
15.6300,-0.33812,-0.04211,-1.43752
15.6478,-0.12819,-0.17688,-1.39659
15.6478,0.15785,-0.36491,-1.39731
15.6578,0.29620,-0.55165,-1.46742
15.6677,0.27792,-0.69955,-1.52722
15.6777,0.21065,-0.73880,-1.58774
15.6882,0.19402,-0.69615,-1.58083
15.6980,0.20833,-0.74426,-1.44890
15.7089,0.18633,-0.77312,-1.28046
15.7180,0.12921,-0.75497,-1.19078
15.7273,0.14751,-0.73369,-1.24608
15.7375,0.22810,-0.69780,-1.33252
15.7692,0.27969,-0.71104,-1.37036
15.7702,0.32877,-0.78717,-1.36018
15.7703,0.36797,-0.88957,-1.29890
15.7756,0.27869,-0.92601,-1.30423
15.7862,0.06839,-0.81531,-1.35358
15.7958,-0.25743,-0.62817,-1.34389
15.8069,-0.59944,-0.38710,-1.31548
15.8159,-0.74577,-0.24397,-1.31305
15.8262,-0.61029,-0.35367,-1.36249
15.8362,-0.29956,-0.66463,-1.41003
15.8458,-0.01842,-0.97301,-1.39656
15.8563,0.14017,-1.12456,-1.39085
15.8661,0.11671,-1.02386,-1.39127
15.8774,-0.11241,-0.93681,-1.31508
15.8941,-0.31451,-0.92445,-1.20476
15.8956,-0.34024,-0.89572,-1.07294
15.9053,-0.20418,-0.88960,-0.94441
15.9140,-0.01433,-1.00682,-0.82991
15.9243,0.04620,-1.12982,-0.74944
15.9347,-0.00726,-1.12032,-0.81554
15.9459,-0.04793,-0.96210,-1.04469
15.9554,-0.14949,-0.82709,-1.16357
15.9650,-0.31371,-0.84328,-1.07785
15.9750,-0.40562,-0.93507,-0.91969
15.9846,-0.32108,-0.93100,-0.73425
15.9947,-0.14322,-0.84427,-0.59215
16.0051,0.00714,-0.76045,-0.47614
16.0149,0.11954,-0.71217,-0.48512
16.0344,0.12206,-0.64537,-0.65372
16.0347,0.03699,-0.54781,-0.84004
16.0427,-0.03960,-0.54846,-0.96544
16.0525,-0.09738,-0.61974,-0.95714
16.0624,-0.10110,-0.67104,-0.82716
16.0734,0.00664,-0.62971,-0.62489
16.0842,0.14038,-0.45200,-0.46767
16.0949,0.15706,-0.07190,-0.36502
16.1044,0.03471,0.24362,-0.31682
16.1136,-0.01311,0.15111,-0.54059
16.1281,0.03758,-0.11061,-0.78494
16.1511,0.00560,-0.24925,-0.80447
16.1514,-0.03377,-0.23196,-0.62135
16.1530,-0.01472,-0.13774,-0.39752
16.1619,0.13995,0.09006,-0.21680
16.1714,0.27408,0.38216,-0.05510
16.1814,0.25491,0.60974,0.02657
16.1911,0.24182,0.46655,-0.14949
16.2008,0.41946,0.04610,-0.50441
16.2173,0.47290,-0.18999,-0.61801
16.2274,0.34831,-0.20045,-0.49715
16.2368,0.20770,-0.06418,-0.27423
16.2473,0.18538,0.12682,-0.08835
16.2573,0.32628,0.27658,0.10287
16.2869,0.51300,0.21211,0.19113
16.2871,0.63934,-0.17026,-0.01749
16.2910,0.46117,-0.34079,-0.12212
16.3002,0.15443,-0.23244,-0.18153
16.3101,-0.08076,0.03459,-0.18503
16.3201,-0.12926,0.30051,-0.09413
16.3295,0.05048,0.43518,0.11697
16.3398,0.31595,0.41776,0.37549
16.3497,0.53514,0.21506,0.53108
16.3597,0.62503,-0.08780,0.47897
16.3701,0.52428,-0.16331,0.27325
16.3830,0.29677,0.00314,0.12027
16.3902,0.06534,0.28073,0.11168
16.4128,-0.00862,0.51488,0.20879
16.4132,0.12746,0.60063,0.34315
16.4185,0.33917,0.57233,0.48883
16.4290,0.48572,0.46803,0.62871
16.4384,0.51300,0.33435,0.68193
16.4488,0.45639,0.30919,0.64420
16.4589,0.40253,0.40671,0.57468
16.4692,0.31694,0.55379,0.53735
16.4787,0.22215,0.65729,0.55949
16.4891,0.19284,0.76697,0.62743
16.4978,0.21393,0.88649,0.70670
16.5122,0.27859,0.94128,0.76959
16.5278,0.33664,0.84442,0.79347
16.5279,0.33978,0.65793,0.78337
16.5375,0.26584,0.59552,0.74988
16.5474,0.14952,0.67990,0.70186
16.5575,0.06784,0.79761,0.64842
16.5679,0.02565,0.89423,0.60347
16.5801,0.04237,0.95514,0.63060
16.5884,0.09789,0.93048,0.72646
16.5971,0.16954,0.86937,0.81458
16.6071,0.18481,0.80208,0.82367
16.6179,0.10843,0.72189,0.79108
16.6270,-0.01569,0.66125,0.77226
16.6411,-0.13992,0.65724,0.76833
16.6631,-0.24382,0.67862,0.76503
16.6636,-0.26237,0.65010,0.78223
16.6666,-0.15822,0.58965,0.84695
16.6767,-0.02806,0.51031,0.93666
16.6858,0.09525,0.37938,1.04295
16.6952,0.17342,0.29102,1.12372
16.7058,0.14049,0.26120,1.14189
16.7155,0.05338,0.23737,1.13167
16.7257,-0.04083,0.28325,1.09094
16.7354,-0.13606,0.41554,1.03523
16.7464,-0.16580,0.54091,1.02939
16.7559,-0.14401,0.56871,1.11026
16.7721,-0.04590,0.49167,1.22519
16.7764,0.12782,0.38464,1.33420
16.7962,0.25511,0.24724,1.43845
16.7964,0.26981,0.16428,1.51375
16.8042,0.25023,0.09450,1.55202
16.8139,0.24649,0.03185,1.55313
16.8243,0.24611,0.04385,1.51482
16.8339,0.23140,0.14226,1.45706
16.8444,0.22812,0.22125,1.43689
16.8536,0.23837,0.19830,1.44797
16.8638,0.30653,0.12598,1.47133
16.8748,0.41766,0.02898,1.45125
16.8841,0.50743,-0.06342,1.41524
16.8974,0.55739,-0.11041,1.39841
16.9142,0.61966,-0.10486,1.40237
16.9156,0.67505,-0.06720,1.39737
16.9234,0.66852,-0.01309,1.38600
16.9328,0.60733,0.09633,1.35513
16.9429,0.50882,0.22760,1.29871
16.9531,0.41603,0.31148,1.24017
16.9632,0.34724,0.25493,1.18002
16.9732,0.31641,0.07465,1.14801
16.9838,0.32167,-0.15720,1.17802
16.9936,0.29727,-0.23930,1.22168
17.0074,0.18127,-0.14307,1.27283
17.0172,0.07217,-0.05965,1.31192
17.0301,0.03947,-0.00684,1.28276
17.0530,0.08208,0.04230,1.22940
17.0531,0.13239,0.04109,1.16853
17.0559,0.13174,0.00084,1.09181
17.0661,0.06789,-0.10747,1.00209
17.0755,-0.04138,-0.22905,0.91170
17.0864,-0.15149,-0.23807,0.87633
17.0964,-0.22078,-0.13565,0.90538
17.1065,-0.26315,0.00616,0.93771
17.1164,-0.26257,0.10257,0.88182
17.1257,-0.25529,0.15256,0.78809
17.1360,-0.33803,0.18187,0.69225
17.1528,-0.48280,0.18939,0.61275
17.1556,-0.60284,0.19646,0.57693
17.1803,-0.69774,0.15443,0.54306
17.1805,-0.77515,0.05055,0.50795
17.1858,-0.75803,-0.02547,0.48573
17.1946,-0.67738,-0.06940,0.47636
17.2048,-0.57588,-0.07762,0.41830
17.2140,-0.50691,-0.03409,0.32494
17.2243,-0.54233,0.01537,0.20988
17.2356,-0.68790,0.06926,0.08418
17.2498,-0.87007,0.21368,-0.01205
17.2595,-0.92694,0.25317,-0.01433
17.2697,-0.88284,0.18527,-0.02129
17.2795,-0.76820,-0.00331,-0.04477
17.3018,-0.61372,-0.20245,-0.12120
17.3020,-0.50751,-0.32191,-0.17393
17.3085,-0.48740,-0.37080,-0.19859
17.3183,-0.54596,-0.34511,-0.20924
17.3293,-0.62299,-0.30138,-0.27846
17.3391,-0.66376,-0.27623,-0.41087
17.3504,-0.67578,-0.24379,-0.51889
17.3593,-0.65958,-0.18903,-0.58257
17.3699,-0.62654,-0.16895,-0.59082
17.3797,-0.54482,-0.22589,-0.58401
17.3890,-0.44806,-0.33281,-0.60182
17.3984,-0.41611,-0.40094,-0.63820
17.4083,-0.49097,-0.36806,-0.70840
17.4329,-0.62112,-0.30234,-0.79276
17.4331,-0.74518,-0.29678,-0.84383
17.4401,-0.77493,-0.35939,-0.87303
17.4471,-0.69307,-0.51186,-0.89723
17.4566,-0.56271,-0.71474,-0.89676
17.4668,-0.46349,-0.81778,-0.86275
17.4768,-0.47446,-0.80052,-0.85376
17.4872,-0.58981,-0.63855,-0.89841
17.4971,-0.75441,-0.44533,-0.98177
17.5082,-0.87202,-0.33246,-1.04745
17.5169,-0.91556,-0.33319,-1.03226
17.5322,-0.86658,-0.45476,-0.94597
17.5557,-0.71935,-0.57259,-0.83098
17.5558,-0.52560,-0.68941,-0.70665
17.5559,-0.31017,-0.79300,-0.59232
17.5674,-0.16399,-0.82117,-0.52618
17.5756,-0.13821,-0.72896,-0.54684
17.5855,-0.29326,-0.52614,-0.62662
17.5949,-0.59804,-0.22507,-0.72012
17.6060,-0.89047,0.05547,-0.76962
17.6160,-1.02518,0.20032,-0.75958
17.6263,-0.97163,0.19572,-0.67691
17.6359,-0.75706,0.07988,-0.52809
17.6456,-0.46706,-0.04851,-0.40434
17.6584,-0.25165,-0.09734,-0.35619
17.6658,-0.19867,-0.10123,-0.32764
17.6812,-0.28802,-0.02464,-0.32474
17.6857,-0.45729,0.16109,-0.36317
17.6941,-0.61038,0.38261,-0.34662
17.7043,-0.68376,0.51126,-0.27760
17.7145,-0.62596,0.50740,-0.17294
17.7243,-0.47610,0.39287,-0.04849
17.7339,-0.31258,0.26906,0.02725
17.7442,-0.23479,0.23648,0.07724
17.7544,-0.30502,0.36714,0.12271
17.7643,-0.44406,0.53850,0.19980
17.7748,-0.51945,0.65623,0.27789
17.7890,-0.45731,0.67288,0.35800
17.7998,-0.25664,0.57465,0.48116
17.8196,0.00917,0.33640,0.60234
17.8199,0.15776,0.29028,0.66434
17.8271,0.07837,0.47707,0.64388
17.8369,-0.14305,0.74759,0.53639
17.8467,-0.44949,1.00539,0.41054
17.8567,-0.67656,1.21906,0.35747
17.8675,-0.74039,1.31990,0.40822
17.8774,-0.63397,1.33629,0.47847
17.8876,-0.45200,1.27655,0.56331
17.8973,-0.30305,1.16736,0.61919
17.9071,-0.25780,1.06306,0.68851
17.9301,-0.24443,0.95941,0.77162
17.9304,-0.20329,0.86450,0.84921
17.9365,-0.07864,0.82684,0.92490
17.9463,0.03305,0.85245,0.96736
17.9558,0.07649,0.89806,0.97198
17.9664,0.00941,0.97906,0.93211
17.9765,-0.08424,1.07521,0.83514
17.9861,-0.14043,1.11267,0.74103
17.9963,-0.14433,1.03532,0.68971
18.0061,-0.07835,0.90921,0.72581
18.0164,0.01871,0.79393,0.78145
18.0281,0.08701,0.80244,0.80719
18.0367,0.12132,0.88672,0.83398
18.0467,0.11871,1.01160,0.86438
18.0657,0.07576,1.07224,0.84209
18.0675,0.05174,1.02530,0.78195
18.0750,0.11470,0.88414,0.67389
18.0857,0.25864,0.76021,0.54387
18.0946,0.39445,0.74074,0.54883
18.1045,0.51361,0.71745,0.59848
18.1154,0.68161,0.67702,0.63297
18.1253,0.87505,0.61337,0.59265
18.1361,0.94591,0.52351,0.46606
18.1453,0.85767,0.46382,0.27504
18.1555,0.68306,0.43777,0.05141
18.1651,0.46924,0.48152,-0.13933
18.1745,0.31778,0.55209,-0.23026
18.1898,0.31746,0.56047,-0.23502
18.1939,0.46262,0.48972,-0.21434
18.2039,0.69304,0.34285,-0.18355
18.2177,1.01985,-0.05452,-0.28534
18.2279,1.10176,-0.35521,-0.46390
18.2377,1.06154,-0.53920,-0.64540
18.2485,0.90610,-0.46140,-0.76367
18.2585,0.73399,-0.28236,-0.81668
18.2679,0.66013,-0.14803,-0.78059
18.2777,0.73141,-0.16367,-0.70624
18.2887,0.90131,-0.30579,-0.68839
18.3023,1.06940,-0.47144,-0.75609
18.3087,1.13008,-0.58188,-0.85493
18.3346,1.06313,-0.71075,-0.99782
18.3349,0.90846,-0.71075,-1.14001
18.3391,0.71036,-0.55679,-1.20970
18.3466,0.56125,-0.36140,-1.18967
18.3565,0.50145,-0.28375,-1.09779
18.3670,0.61176,-0.38087,-0.97903
18.3763,0.84053,-0.53577,-0.89514
18.3867,1.07581,-0.70265,-0.90819
18.3966,1.20601,-0.87247,-0.99577
18.4064,1.12245,-0.96759,-1.19887
18.4162,0.85022,-0.87892,-1.42691
18.4302,0.51091,-0.61320,-1.51508
18.4491,0.18921,-0.31113,-1.48285
18.4492,0.03502,-0.21194,-1.37691
18.4556,0.09132,-0.29297,-1.22801
18.4650,0.21649,-0.31682,-1.11922
18.4750,0.35265,-0.46339,-1.10617
18.4857,0.47470,-0.72429,-1.20444
18.4958,0.38254,-0.79616,-1.31502
18.5059,0.15382,-0.72099,-1.37439
18.5164,-0.02617,-0.58412,-1.42339
18.5257,-0.15857,-0.51350,-1.43881
18.5366,-0.18951,-0.61911,-1.34688
18.5461,-0.14212,-0.76913,-1.23126
18.5618,-0.07326,-0.83791,-1.21649
18.5877,0.00935,-0.78145,-1.28467
18.5878,0.01999,-0.58997,-1.33109
18.5880,-0.09447,-0.43889,-1.31816
18.5980,-0.16904,-0.52945,-1.27486
18.6082,-0.12982,-0.78038,-1.20604
18.6179,-0.03436,-1.07616,-1.13634
18.6290,0.18074,-1.21071,-1.06329
18.6387,0.38731,-1.17101,-0.99269
18.6489,0.43494,-1.05211,-0.94244
18.6585,0.33713,-0.95224,-0.94585
18.6691,0.17079,-0.88721,-1.00673
18.6784,0.08203,-0.86183,-1.06259
18.6893,0.06412,-0.93988,-1.02722
18.6982,0.13480,-0.98473,-0.95509
18.7121,0.26723,-0.94585,-0.83244
18.7168,0.31540,-0.91977,-0.69984
18.7279,0.30032,-1.03024,-0.69798
18.7380,0.35072,-1.25078,-0.81889
18.7483,0.36279,-1.34950,-0.88135
18.7574,0.36533,-1.21564,-0.87306
18.7666,0.37341,-1.04628,-0.81459
18.7769,0.33563,-0.90372,-0.76401
18.7869,0.27927,-0.73460,-0.69666
18.7967,0.18221,-0.52452,-0.56932
18.8075,0.03343,-0.39407,-0.49309
18.8320,0.02217,-0.54330,-0.56184
18.8321,0.19302,-0.79143,-0.75261
18.8361,0.33284,-0.79520,-0.87160
18.8461,0.36882,-0.60139,-0.85756
18.8557,0.35988,-0.42700,-0.74832
18.8655,0.36345,-0.29669,-0.61513
18.8752,0.34233,-0.12616,-0.51659
18.8860,0.23965,0.10922,-0.46927
18.8958,0.18988,0.12900,-0.53262
18.9065,0.23244,-0.01640,-0.68483
18.9165,0.24471,-0.08061,-0.75357
18.9261,0.20738,-0.01678,-0.69772
18.9359,0.21925,0.05269,-0.54674
18.9466,0.31192,0.10614,-0.33603
18.9686,0.37254,0.24016,-0.14804
18.9690,0.36545,0.37012,-0.00452
18.9762,0.36351,0.31036,-0.00861
18.9849,0.34398,0.19427,-0.05913
18.9942,0.28427,0.15588,-0.06944
19.0052,0.27190,0.23462,-0.07088
19.0143,0.31752,0.34976,-0.01651
19.0248,0.35939,0.46768,0.08636
19.0350,0.36691,0.58813,0.20354
19.0446,0.36713,0.65182,0.29660
19.0541,0.36316,0.66579,0.31630
19.0712,0.36426,0.61932,0.25861
19.0755,0.35245,0.59859,0.17485
19.0843,0.26826,0.63356,0.13843
19.0931,0.14639,0.70093,0.16872
19.1020,0.07265,0.76122,0.21022
19.1118,0.07431,0.83835,0.24442
19.1217,0.08354,0.91400,0.27065
19.1317,0.03394,1.00851,0.29985
19.1414,-0.03133,1.09566,0.34241
19.1514,-0.07486,1.08655,0.38155
19.1613,-0.08765,1.05640,0.41806
19.1714,-0.04338,0.95476,0.49246
19.1859,0.09508,0.72554,0.64682
19.1959,0.18892,0.64755,0.72012
19.2062,0.17642,0.61783,0.76282
19.2156,0.06544,0.60683,0.81311
19.2267,-0.07646,0.63921,0.84735
19.2372,-0.14525,0.63597,0.88321
19.2471,-0.16359,0.62730,0.91557
19.2568,-0.20213,0.62427,0.97610
19.2668,-0.21973,0.58463,1.06703
19.2766,-0.16354,0.52975,1.16510
19.2861,-0.06444,0.52034,1.22676
19.2963,0.04079,0.51202,1.28491
19.3059,0.09079,0.51042,1.35664
19.3219,0.09456,0.48297,1.40990
19.3261,0.05856,0.53323,1.43054
19.3520,-0.02426,0.60323,1.45818
19.3523,-0.07353,0.64287,1.48837
19.3621,-0.06175,0.63179,1.53799
19.3710,-0.01067,0.53178,1.60938
19.3804,0.07983,0.40703,1.68182
19.3916,0.15732,0.30443,1.76118
19.4013,0.20052,0.23071,1.84390
19.4092,0.21132,0.28421,1.87053
19.4190,0.17207,0.32968,1.85661
19.4298,0.14906,0.34450,1.81427
19.4394,0.14864,0.37645,1.76064
19.4500,0.17551,0.40881,1.75114
19.4657,0.23299,0.44304,1.76437
19.4687,0.27182,0.46278,1.77260
19.4779,0.27942,0.39537,1.77403
19.4883,0.28616,0.26161,1.76784
19.4979,0.26860,0.14322,1.75641
19.5084,0.22481,0.07365,1.73799
19.5181,0.19316,0.02652,1.70894
19.5286,0.18257,0.04196,1.64684
19.5386,0.18816,0.09972,1.56877
19.5490,0.20628,0.17238,1.50449
19.5586,0.21994,0.19987,1.46120
19.5673,0.24994,0.10483,1.41449
19.5782,0.33063,-0.01682,1.37924
19.5976,0.42328,-0.12175,1.36421
19.5979,0.47504,-0.25987,1.36646
19.6065,0.47842,-0.39247,1.34229
19.6161,0.36867,-0.37347,1.24930
19.6273,0.13829,-0.15810,1.09657
19.6374,-0.10843,0.13013,0.94330
19.6474,-0.26747,0.33313,0.81528
19.6571,-0.31183,0.38268,0.71840
19.6673,-0.28493,0.31561,0.66052
19.6774,-0.26170,0.12593,0.62668
19.6882,-0.26048,-0.14293,0.57274
19.6982,-0.29207,-0.35246,0.51402
19.7067,-0.35532,-0.43042,0.48088
19.7175,-0.42876,-0.37402,0.48486
19.7321,-0.52592,-0.28412,0.49173
19.7362,-0.58934,-0.24725,0.46916
19.7475,-0.60970,-0.28152,0.42076
19.7566,-0.62709,-0.33884,0.35684
19.7664,-0.66278,-0.41725,0.27478
19.7756,-0.73434,-0.53511,0.16649
19.7858,-0.81696,-0.66829,0.04359
19.7952,-0.85194,-0.73225,-0.06915
19.8058,-0.86411,-0.66385,-0.15930
19.8155,-0.89925,-0.45853,-0.25009
19.8306,-0.94978,-0.30902,-0.35114
19.8533,-0.95096,-0.27774,-0.46439
19.8536,-0.94038,-0.33817,-0.56453
19.8560,-0.93240,-0.46696,-0.63678
19.8664,-0.89954,-0.64081,-0.69887
19.8756,-0.84727,-0.80127,-0.75548
19.8847,-0.79350,-0.92027,-0.78885
19.8942,-0.74063,-0.92642,-0.82982
19.9050,-0.69197,-0.83206,-0.87840
19.9149,-0.62016,-0.68372,-0.91844
19.9244,-0.52365,-0.61479,-0.95523
19.9345,-0.43129,-0.68013,-0.99557
19.9446,-0.35994,-0.87593,-1.04280
19.9575,-0.33157,-1.11938,-1.06319
19.9647,-0.35027,-1.27660,-1.04828
19.9801,-0.40282,-1.28886,-0.98827
19.9838,-0.48230,-1.10532,-0.93690
19.9934,-0.60748,-0.81096,-0.91945
20.0029,-0.75629,-0.53293,-0.94612
20.0130,-0.84062,-0.29309,-0.99736
20.0231,-0.86108,-0.17197,-1.05551
20.0326,-0.83238,-0.17821,-1.10294
20.0428,-0.78944,-0.25739,-1.11882
20.0528,-0.74565,-0.38989,-1.08644
20.0622,-0.68773,-0.53758,-1.00966
20.0729,-0.59669,-0.61900,-0.90536
20.0875,-0.51379,-0.55594,-0.80757
20.0916,-0.45134,-0.36633,-0.73297
20.1198,-0.41344,-0.22688,-0.68758
20.1202,-0.41679,-0.16435,-0.66716
20.1262,-0.46526,-0.12129,-0.64017
20.1367,-0.51633,-0.09048,-0.61369
20.1459,-0.54332,-0.13579,-0.58481
20.1612,-0.44687,-0.23454,-0.44675
20.1717,-0.37376,-0.16377,-0.33304
20.1813,-0.32744,-0.04510,-0.24654
20.1901,-0.29303,0.05080,-0.18672
20.1997,-0.28549,0.11038,-0.17058
20.2137,-0.32278,0.13432,-0.18951
20.2356,-0.37280,0.12860,-0.21788
20.2360,-0.41422,0.16412,-0.18924
20.2409,-0.42558,0.22585,-0.10867
20.2495,-0.36548,0.24446,-0.00519
20.2594,-0.22768,0.25031,0.06345
20.2700,-0.06158,0.27368,0.11852
20.2796,0.01521,0.28130,0.17413
20.2899,-0.03354,0.34732,0.21362
20.2999,-0.14400,0.50673,0.23761
20.3101,-0.25681,0.65576,0.23514
20.3196,-0.34361,0.79279,0.20135
20.3295,-0.38120,0.90706,0.21365
20.3403,-0.34544,0.96634,0.28194
20.3489,-0.23332,1.01907,0.30627
20.3690,-0.14720,1.07074,0.28490
20.3712,-0.19527,1.10533,0.29924
20.3794,-0.32254,1.10379,0.34468
20.3886,-0.42786,1.14659,0.42163
20.3977,-0.49313,1.29558,0.51910
20.4073,-0.55521,1.43456,0.63297
20.4172,-0.58658,1.44266,0.76628
20.4280,-0.51099,1.31111,0.88025
20.4379,-0.29218,1.07526,0.91524
20.4478,-0.03915,0.88913,0.90665
20.4578,0.07924,0.81657,0.94717
20.4894,0.04715,0.84656,1.00916
20.4895,-0.06271,0.98425,1.01695
20.4895,-0.19727,1.22464,0.99754
20.4967,-0.35835,1.46028,0.96410
20.5065,-0.48097,1.54198,0.96268
20.5163,-0.41411,1.38974,1.02614
20.5269,-0.11092,1.04573,1.11346
20.5363,0.29921,0.66371,1.21465
20.5473,0.67261,0.32283,1.28903
20.5570,0.84669,0.16139,1.32469
20.5663,0.78078,0.24681,1.31177
20.5768,0.57498,0.49429,1.19662
20.5862,0.30952,0.75565,1.02266
20.5987,0.09814,0.91740,0.83290
20.6213,0.04375,0.88568,0.69420
20.6215,0.13524,0.71347,0.68016
20.6258,0.32980,0.48135,0.73410
20.6358,0.57643,0.26790,0.77046
20.6450,0.78891,0.13580,0.78169
20.6547,0.89819,0.04700,0.71664
20.6654,0.90900,-0.01241,0.55919
20.6755,0.77805,0.06056,0.36812
20.6856,0.58438,0.24422,0.18217
20.6953,0.43297,0.39784,0.05679
20.7058,0.39626,0.36528,-0.04385
20.7146,0.48560,0.17061,-0.11987
20.7254,0.63412,-0.07349,-0.19171
20.7339,0.73984,-0.18777,-0.27814
20.7440,0.75571,-0.10275,-0.32796
20.7538,0.66228,0.00031,-0.36470
20.7631,0.50517,0.02916,-0.43448
20.7742,0.39009,-0.03610,-0.51474
20.7833,0.40210,-0.20772,-0.68317
20.7939,0.42935,-0.31517,-0.82117
20.8041,0.40787,-0.39272,-0.87984
20.8143,0.45453,-0.38504,-0.76865
20.8234,0.54419,-0.31123,-0.61302
20.8332,0.63922,-0.26126,-0.53310
20.8430,0.64554,-0.29422,-0.56760
20.8547,0.55217,-0.35564,-0.64973
20.8743,0.36839,-0.40425,-0.71957
20.8744,0.23845,-0.29909,-0.74402
20.8819,0.19116,-0.08015,-0.69827
20.8917,0.24269,0.10228,-0.58990
20.9068,0.29247,0.13791,-0.44749
20.9163,0.32390,0.01437,-0.37071
20.9274,0.36090,-0.17278,-0.37587
20.9368,0.35223,-0.36636,-0.42749
20.9479,0.27890,-0.48466,-0.45882
20.9567,0.18019,-0.51494,-0.39450
20.9671,0.12445,-0.43341,-0.32932
20.9809,0.12917,-0.17757,-0.31557
21.0002,0.08476,0.01990,-0.30344
21.0007,-0.01045,0.11787,-0.30447
21.0069,-0.11293,0.12465,-0.32251
21.0159,-0.22450,0.03275,-0.37964
21.0253,-0.31995,-0.06798,-0.42517
21.0352,-0.43730,-0.13742,-0.42972
21.0459,-0.57263,-0.18076,-0.41199
21.0562,-0.59027,-0.10378,-0.38634
21.0657,-0.47311,0.05484,-0.38936
21.0757,-0.31364,0.13664,-0.41357
21.0859,-0.16374,0.06996,-0.41472
21.0961,-0.05937,-0.11275,-0.41656
21.1127,0.00571,-0.30643,-0.44724
21.1165,0.01607,-0.37335,-0.43478
21.1417,-0.05377,-0.14908,-0.37488
21.1418,-0.05353,0.14198,-0.30885
21.1499,-0.03734,0.29504,-0.26407
21.1592,-0.02527,0.24693,-0.24155
21.1687,-0.01239,0.05740,-0.25620
21.1787,-0.02184,-0.09273,-0.28799
21.1887,-0.06699,-0.10222,-0.27405
21.1984,-0.12811,-0.01442,-0.22536
21.2085,-0.16490,0.07851,-0.18584
21.2191,-0.14520,0.16798,-0.15317
21.2284,-0.09538,0.23434,-0.13290
21.2395,-0.06157,0.20654,-0.11945
21.2488,-0.04211,0.08250,-0.16968
21.2701,-0.03801,-0.03481,-0.22166
21.2704,-0.05724,-0.08600,-0.20979
21.2788,-0.07117,-0.08488,-0.14110
21.2880,-0.03534,-0.05788,-0.05991
21.2968,0.03291,-0.03328,0.00456
21.3072,0.09061,-0.01350,0.03926
21.3176,0.09711,-0.00595,0.04094
21.3270,0.05714,-0.04161,0.01454
21.3367,0.02219,-0.11490,-0.03114
21.3473,0.01326,-0.15239,-0.05775
21.3574,0.03874,-0.15747,-0.04956
21.3674,0.08186,-0.11943,-0.02290
21.3841,0.13319,-0.05339,0.01788
21.3876,0.18129,-0.00371,0.04893
21.3970,0.18796,-0.00525,0.05405
21.4078,0.16472,-0.04353,0.03256
21.4155,0.12195,-0.08864,-0.01408
21.4256,0.07916,-0.10764,-0.05234
21.4358,0.03569,-0.09769,-0.05296
21.4464,-0.00174,-0.06195,-0.02740
21.4567,-0.01271,-0.00145,-0.00362
21.4662,-0.03339,0.06999,0.01163
21.4760,-0.05603,0.10501,0.02904
21.4902,-0.05641,0.07979,0.04028
21.4963,-0.05286,0.01050,0.02808
21.5264,-0.03545,-0.07471,-0.00908
21.5267,-0.00681,-0.09961,-0.04271
21.5279,-0.00951,-0.05353,-0.03886
21.5349,-0.01065,-0.01459,-0.01640
21.5449,0.00946,-0.01756,0.01765
21.5543,0.02675,-0.01553,0.05135
21.5639,0.00789,0.00111,0.05684
21.5748,-0.01675,-0.02205,0.02533
21.5849,-0.01883,-0.09828,-0.02988
21.5945,0.00156,-0.12561,-0.05177
21.6051,0.02182,-0.10049,-0.03931
21.6205,0.05344,-0.06999,-0.01695
21.6254,0.07620,-0.05638,0.00943
21.6345,0.09816,-0.07307,0.03056
21.6626,0.09344,-0.08403,0.02640
21.6630,0.06732,-0.09563,0.00574
21.6669,0.04631,-0.10301,-0.01886
21.6728,0.03705,-0.11896,-0.02448
21.6883,0.05742,-0.12758,-0.01457
21.6976,0.09666,-0.12866,0.00636
21.7088,0.11427,-0.11320,0.01942
21.7196,0.08562,-0.06232,0.01028
21.7273,0.01740,-0.02544,-0.02010
21.7371,-0.04222,-0.03293,-0.06490
21.7474,-0.06303,-0.05412,-0.09229
21.7669,-0.05228,-0.05379,-0.08789
21.7670,-0.03137,-0.04607,-0.08319
21.7770,-0.00856,-0.05289,-0.06802
21.7864,0.01349,-0.08533,-0.03447
21.7966,0.03516,-0.12335,-0.02248
21.8068,0.05377,-0.15559,-0.02849
21.8169,0.06030,-0.15292,-0.04681
21.8268,0.04816,-0.14455,-0.05170
21.8381,0.02863,-0.15707,-0.05649
21.8469,0.01750,-0.14845,-0.04727
21.8564,0.02116,-0.15872,-0.03349
21.8670,0.02722,-0.18961,-0.03622
21.8778,0.03905,-0.18199,-0.02919
21.9025,0.04778,-0.14783,-0.02452
21.9028,0.05408,-0.09883,-0.02472
21.9062,0.04837,-0.05339,-0.00435
21.9149,0.04478,-0.06264,0.01750
21.9252,0.05870,-0.11742,0.02020
21.9348,0.09497,-0.19131,-0.00218
21.9462,0.10774,-0.20944,-0.02515
21.9558,0.06956,-0.16400,-0.01923
21.9661,0.01526,-0.07686,0.01103
21.9753,-0.02275,-0.01599,0.03133
21.9857,-0.02299,-0.01030,0.04163
21.9954,0.00700,-0.04913,0.03682
22.0058,0.04091,-0.09221,0.02603
22.0156,0.06477,-0.14638,0.00363
22.0317,0.06677,-0.20030,-0.00215
22.0346,0.06009,-0.22098,0.00848
22.0439,0.05956,-0.20190,0.02339
22.0528,0.05042,-0.13736,0.03062
22.0627,0.01701,-0.06450,0.01466
22.0738,-0.02815,-0.01471,0.00082
22.0836,-0.06184,-0.01030,0.00183
22.0988,-0.06226,-0.02704,0.02075
22.1094,-0.03175,-0.05728,0.02654
22.1190,0.00989,-0.08128,0.00836
22.1335,0.04350,-0.07375,0.00169
22.1503,0.03709,-0.05441,0.00713
22.1504,0.00275,-0.02141,0.01057
22.1572,-0.03075,-0.01923,0.00328
22.1672,-0.03470,-0.06635,-0.00510
22.1774,-0.00713,-0.11502,-0.00485
22.1882,0.02362,-0.13882,0.01648
22.1974,0.04457,-0.13524,0.03844
22.2079,0.05009,-0.10393,0.04575
22.2172,0.03886,-0.07002,0.02628
22.2270,0.01060,-0.02971,0.00249
22.2373,-0.02399,-0.00552,-0.00661
22.2473,-0.04079,-0.00499,-0.01071
22.2610,-0.02409,-0.03307,-0.01089
22.2673,0.01263,-0.09853,-0.01289
22.2873,0.04976,-0.13820,-0.00485
22.2880,0.05698,-0.11272,0.01360
22.2974,0.04164,-0.05032,0.03749
22.3060,0.01819,0.00082,0.04993
22.3152,-0.01389,0.02562,0.05072
22.3255,-0.03459,-0.00581,0.03000
22.3354,-0.02849,-0.06558,-0.02098
22.3455,-0.01689,-0.08990,-0.04691
22.3557,-0.00810,-0.08926,-0.03360
22.3660,0.01279,-0.06403,-0.00827
22.3758,0.03772,-0.04141,0.01674
22.3907,0.04109,-0.02568,0.03398
22.3962,0.02155,-0.01299,0.05165
22.4272,-0.01021,-0.01083,0.05020
22.4273,-0.02902,-0.00386,0.03290
22.4274,-0.03679,0.01027,0.01308
22.4349,-0.03395,0.02805,0.01563
22.4441,-0.02411,0.02771,0.02858
22.4544,-0.01183,-0.00412,0.03781
22.4710,0.00223,-0.01624,0.04459
22.4793,-0.00279,0.00410,0.05014
22.4891,-0.01151,0.01723,0.06244
22.4992,-0.02005,0.00676,0.06860
22.5092,-0.00633,-0.01581,0.07436
22.5189,0.01479,-0.04404,0.05818
22.5354,0.03322,-0.06303,0.01660
22.5391,0.02403,-0.05840,0.00571
22.5493,-0.01303,-0.01122,0.00813
22.5583,-0.05075,0.04443,0.00203
22.5679,-0.06419,0.06142,0.01382
22.5769,-0.05449,0.04266,0.02721
22.5875,-0.03300,-0.00249,0.02878
22.5980,-0.00400,-0.03247,0.01825
22.6084,0.01634,-0.05136,0.01147
22.6188,0.01799,-0.07021,-0.00430
22.6275,0.01108,-0.06107,-0.00415
22.6383,-0.00856,-0.03284,0.00261
22.6487,-0.01840,-0.00679,0.01076
22.6685,-0.02145,0.01009,0.01567
22.6686,-0.02905,0.02039,0.01555
22.6760,-0.02547,0.00714,0.01065
22.6861,-0.01239,-0.01743,-0.00163
22.6957,0.01247,-0.02269,-0.00836
22.7067,0.02980,-0.01450,-0.00725
22.7170,0.03685,-0.02322,-0.00330
22.7263,0.03047,-0.02075,-0.00697
22.7363,0.01387,0.00897,-0.01007
22.7464,-0.00400,0.02704,-0.01553
22.7563,-0.01436,0.03088,-0.00792
22.7665,-0.00629,0.01402,0.00191
22.7760,0.02516,-0.01749,-0.00928
22.7857,0.04346,-0.04533,-0.02100
22.8075,0.03876,-0.04784,-0.01424
22.8077,0.01880,-0.04689,-0.00833
22.8148,-0.00296,-0.03165,-0.00714
22.8243,-0.01299,-0.01057,-0.00562
22.8347,-0.01184,0.00409,-0.00008
22.8447,-0.00632,0.00137,0.00543
22.8556,0.00598,-0.01253,0.00789
22.8661,0.01601,-0.03860,0.00035
22.8759,0.00690,-0.04202,-0.00856
22.8852,-0.01996,-0.01410,-0.00360
22.8950,-0.03993,0.01230,0.00429
22.9139,-0.03436,0.00351,0.00746
22.9147,-0.00958,-0.03465,0.00316
22.9235,0.01877,-0.06294,0.00760
22.9329,0.02921,-0.07379,0.02504
22.9428,0.01212,-0.06313,0.03523
22.9529,-0.02235,-0.03989,0.03360
22.9628,-0.04977,-0.03107,0.02736
22.9737,-0.04953,-0.02753,0.01424
22.9839,-0.02821,-0.04657,-0.00110
22.9938,-0.00761,-0.05632,-0.00937
23.0028,-0.00815,-0.03062,0.00536
23.0135,-0.02686,0.00568,0.02992
23.0244,-0.05003,0.02272,0.04315
23.0336,-0.05055,0.02159,0.03622
23.0599,-0.02783,-0.01517,0.01428
23.0602,0.00954,-0.03880,-0.00288
23.0682,0.03752,-0.04382,0.00482
23.0769,0.03474,-0.02727,-0.00162
23.0869,0.00784,0.01131,-0.01314
23.0970,-0.03265,0.04590,-0.00893
23.1074,-0.06068,0.06725,-0.00371
23.1171,-0.05684,0.07036,0.00235
23.1270,-0.02594,0.03992,0.01016
23.1379,0.01056,-0.01447,0.01779
23.1472,0.03825,-0.07272,0.01407
23.1582,0.03511,-0.08087,-0.00317
23.1667,0.00725,-0.05640,-0.01419
23.1887,-0.03036,-0.01079,-0.02353
23.1889,-0.05360,0.03177,-0.02632
23.1952,-0.05354,0.07019,-0.02107
23.2052,-0.03073,0.05984,0.00243
23.2152,-0.00790,0.01570,0.01207
23.2252,0.00459,-0.03792,-0.01260
23.2362,-0.00444,-0.04141,-0.02324
23.2509,-0.05002,-0.00513,-0.02074
23.2604,-0.09258,0.02284,-0.00705
23.2707,-0.09239,0.02756,0.01810
23.2813,-0.04703,0.03308,0.03610
23.3082,0.01244,0.02798,0.03972
23.3083,0.06003,0.01263,0.04210
23.3084,0.07828,-0.00807,0.04083
23.3187,0.07681,-0.00340,0.04462
23.3284,0.06709,-0.00134,0.02568
23.3384,0.07170,0.02303,-0.00011
23.3495,0.07326,0.03627,-0.01601
23.3595,0.07924,0.02773,-0.02457
23.3701,0.07878,0.02295,-0.03210
23.3792,0.04730,0.04774,-0.03833
23.3896,0.00946,0.08331,-0.06172
23.3999,-0.02187,0.07094,-0.08998
23.4095,-0.03088,0.03593,-0.08803
23.4185,-0.02438,0.01074,-0.05232
23.4414,0.00481,-0.00444,-0.02306
23.4416,0.03735,0.01178,-0.00983
23.4473,0.04572,0.02858,-0.01904
23.4569,0.01930,0.04762,-0.05472
23.4676,-0.01994,0.08842,-0.07335
23.4765,-0.04605,0.09370,-0.07242
23.4875,-0.04294,0.05051,-0.06099
23.4972,0.00693,-0.02913,-0.03596
23.5078,0.06917,-0.07436,-0.01094
23.5175,0.10786,-0.05754,0.01392
23.5276,0.10506,-0.03349,0.02567
23.5519,0.07358,-0.01221,0.02646
23.5523,0.04335,-0.00877,0.01836
23.5579,0.02795,-0.01048,0.00169
23.5670,0.02084,-0.01758,-0.01216
23.5759,0.00296,-0.02306,-0.01872
23.5861,-0.03401,-0.00908,-0.02611
23.5964,-0.03995,0.03171,-0.02419
23.6068,0.03983,0.09262,0.00185
23.6164,0.15747,0.04874,0.06090
23.6262,0.25162,-0.06458,0.08698
23.6360,0.25745,-0.11899,0.08699
23.6460,0.17664,-0.09801,0.08319
23.6563,0.04190,-0.02928,0.05519
23.6677,-0.10707,0.06544,0.02100
23.6914,-0.22794,0.11949,-0.00775
23.6915,-0.26254,0.11487,-0.04686
23.6954,-0.20724,0.09531,-0.04225
23.7052,-0.10571,0.07030,-0.00278
23.7150,-0.00375,0.00978,0.03412
23.7260,0.08670,-0.04536,0.05696
23.7347,0.12012,-0.05582,0.04718
23.7455,0.06720,0.01376,0.00754
23.7549,-0.01585,0.08487,-0.00798
23.7653,-0.05545,0.11583,-0.01514
23.7751,-0.04065,0.10170,-0.02554
23.7847,-0.00314,0.06128,-0.02454
23.7954,0.01773,0.06049,-0.01923
23.8193,0.01817,0.09708,-0.01982
23.8196,0.01945,0.10175,-0.01640
23.8248,0.01886,0.05568,-0.01332
23.8335,0.02208,-0.00780,-0.03253
23.8440,0.02232,-0.04430,-0.04768
23.8526,0.01074,-0.02826,-0.05627
23.8625,-0.00684,0.02747,-0.07239
23.8730,-0.01241,0.05865,-0.08371
23.8828,-0.00703,0.06427,-0.09712
23.8930,-0.01207,0.06705,-0.08212
23.9031,-0.02313,0.06604,-0.05267
23.9128,-0.03716,0.06235,-0.02524
23.9236,-0.01898,0.00833,-0.01134
23.9329,0.02109,-0.07817,-0.02678
23.9555,0.05772,-0.11490,-0.04236
23.9562,0.05708,-0.07761,-0.03357
23.9631,0.03194,-0.02594,-0.02928
23.9720,0.00780,0.01036,-0.04077
23.9812,-0.01022,0.02505,-0.05016
23.9908,-0.00171,0.01152,-0.04826
24.0006,0.01064,-0.01677,-0.04475
24.0114,0.02715,-0.03392,-0.01425
24.0211,0.04742,-0.05115,-0.00189
24.0414,0.02562,0.00417,-0.01967
24.0520,-0.01863,0.03188,-0.02684
24.0748,-0.05113,0.02278,-0.02960
24.0751,-0.04909,0.00677,-0.03777
24.0824,-0.02539,-0.01472,-0.03224
24.0897,0.00835,-0.03038,-0.02357
24.0995,0.05331,-0.03563,0.00012
24.1102,0.08664,-0.05339,0.00681
24.1200,0.08188,-0.04948,0.00819
24.1301,0.05440,-0.03087,0.00179
24.1399,0.03474,-0.02406,-0.01924
24.1499,0.03735,-0.04506,-0.02815
24.1608,0.05606,-0.07677,-0.03281
24.1784,0.06950,-0.09756,-0.02965
24.1787,0.07503,-0.09435,-0.01785
24.2018,0.07567,-0.06609,-0.00558
24.2019,0.11351,-0.09084,0.00403
24.2080,0.16245,-0.13759,0.00424
24.2175,0.17921,-0.16798,-0.00893
24.2274,0.16794,-0.16846,-0.01532
24.2374,0.12439,-0.13210,-0.00551
24.2477,0.05804,-0.07872,-0.01047
24.2575,0.00014,-0.05354,-0.02058
24.2676,-0.03123,-0.04793,-0.02226
24.2772,-0.04909,-0.02754,-0.01511
24.2889,-0.03830,0.00064,0.00145
24.3018,-0.01842,0.01501,0.01132
24.3196,-0.01949,0.04259,0.02960
24.3202,-0.04584,0.08148,0.04523
24.3275,-0.09853,0.13104,0.03755
24.3368,-0.15016,0.17427,0.03439
24.3467,-0.17847,0.21336,0.03018
